Name,Image_link,Price,Product_link
Lilly - The Handbag,https://cdn.shopify.com/s/files/1/0731/4312/4251/files/1_03973734-ed2a-4006-bd7a-44a6bb46533b_3024x.jpg?v=1692265088,"Rs. 5,999.00",https://kompanero.in/products/lilly-the-handbag?variant=45313388282139
Mandala - The Sling,https://cdn.shopify.com/s/files/1/0731/4312/4251/files/G31A1945_3024x.jpg?v=1693390957,"Rs. 3,499.00",https://kompanero.in/products/mandala-the-sling?variant=46570078568731
Eadwald - The Laptop Bag,https://cdn.shopify.com/s/files/1/0731/4312/4251/files/1_a44e727d-b79d-4263-8de9-16649055107b_3024x.jpg?v=1692259178,"Rs. 3,999.00",https://kompanero.in/products/eadwald-the-laptop-bag?variant=45438575542555
Flora - The Sling,https://cdn.shopify.com/s/files/1/0731/4312/4251/files/1_a615379d-bbbe-4a5c-a040-99900d8b6409_3024x.jpg?v=1693472851,"Rs. 4,498.00",https://kompanero.in/products/flora-the-sling?variant=46442313384219
Aaron -The Trolley,https://cdn.shopify.com/s/files/1/0731/4312/4251/files/1_0cf1ac3b-d15b-491d-82c8-b40f1991c1a5_3024x.jpg?v=1693334904,"Rs. 26,999.00",https://kompanero.in/products/aaron-the-trolley?variant=46437082267931
Garrison - The Laptop Bag,https://cdn.shopify.com/s/files/1/0731/4312/4251/files/1_eae56088-52f6-438a-9059-c5200cb8321f_3024x.jpg?v=1690607053,"Rs. 12,598.00",https://kompanero.in/products/garrison-the-laptop-bag-1?variant=46469029626139
Patrice - The Messenger,https://cdn.shopify.com/s/files/1/0731/4312/4251/files/1_096ac7f6-78f9-4b40-92be-b2e9aee1aa3d_3024x.jpg?v=1691737219,"Rs. 5,158.00",https://kompanero.in/products/patrice-the-messenger?variant=45327699935515
Madame - The Sling,https://cdn.shopify.com/s/files/1/0731/4312/4251/files/1_3ab99110-c075-4a4b-a5b7-340da6232718_3024x.jpg?v=1692439571,"Rs. 4,999.00",https://kompanero.in/products/madame-the-sling?variant=45313777762587
Gore - The Portfolio Bag,https://cdn.shopify.com/s/files/1/0731/4312/4251/files/1_7cae5983-f8c1-4469-ae54-5ceeb16abcc9_3024x.jpg?v=1692364867,"Rs. 8,998.00",https://kompanero.in/products/gore-the-portfolio-bag?variant=45312602276123
Jones - The Portfolio Bag,https://cdn.shopify.com/s/files/1/0731/4312/4251/files/B-5096-COGNAC_1_3024x.jpg?v=1693395433,"Rs. 8,098.00",https://kompanero.in/products/jones-the-portfolio-bag?variant=46570522968347
Elroy - The Portfolio,https://cdn.shopify.com/s/files/1/0731/4312/4251/files/B-10007-COGNAC_1_3024x.jpg?v=1693393037,"Rs. 9,599.00",https://kompanero.in/products/elroy-the-portfolio?variant=46570314170651
Marie - The Handbag,https://cdn.shopify.com/s/files/1/0731/4312/4251/files/SRP_8654copycopy_3024x.jpg?v=1693570744,"Rs. 6,598.00",https://kompanero.in/products/marie-the-handbag?variant=46569239511323
Costas - The Trolley,https://cdn.shopify.com/s/files/1/0731/4312/4251/files/G31A2382_3024x.jpg?v=1693335922,"Rs. 19,999.00",https://kompanero.in/products/costas-the-trolley?variant=46564509974811
Alejo - The Trolley,https://cdn.shopify.com/s/files/1/0731/4312/4251/files/0W8A5674_3024x.jpg?v=1693335349,"Rs. 26,999.00",https://kompanero.in/products/alejo-the-trolley?variant=46564451287323
Enso - The Backpack,https://cdn.shopify.com/s/files/1/0731/4312/4251/files/1_59e768e3-aec2-4b04-a077-6e87b0e6a800_3024x.jpg?v=1693475124,"Rs. 8,397.00",https://kompanero.in/products/enso-the-backpack?variant=46437105336603
Hain - The Backpacker,https://cdn.shopify.com/s/files/1/0731/4312/4251/files/1_c3c494be-05b3-4bf4-bc60-236cd4175494_3024x.jpg?v=1693797379,"Rs. 9,499.00",https://kompanero.in/products/hain-the-backpacker?variant=45383361724699
Adam - The Messenger Bag,https://cdn.shopify.com/s/files/1/0731/4312/4251/files/1_9261bfa0-65bc-438e-a6ce-544eec5a64c3_3024x.jpg?v=1690455513,"Rs. 8,097.00",https://kompanero.in/products/adam-the-messenger-bag?variant=45371984216347
Ron - The Laptop Bag,https://cdn.shopify.com/s/files/1/0731/4312/4251/files/B-5660-TAN-STRAP-1_3024x.jpg?v=1693395801,"Rs. 3,999.00",https://kompanero.in/products/ron-the-laptop-bag?variant=46570546200859
Patrice - The Messenger Bag,https://cdn.shopify.com/s/files/1/0731/4312/4251/files/B-10004-DARKBROWN_1_3024x.jpg?v=1693391629,"Rs. 4,559.00",https://kompanero.in/products/patrice-the-messenger-bag?variant=46570155409691
Pamla - The Wallet,https://cdn.shopify.com/s/files/1/0731/4312/4251/files/G31A1250_3024x.jpg?v=1693636624,"Rs. 2,719.00",https://kompanero.in/products/pamla-the-wallet?variant=46570131751195
Cooper - The Messenger Bag,https://cdn.shopify.com/s/files/1/0731/4312/4251/files/B-10001-COG-BLUE_1_3024x.jpg?v=1693391236,"Rs. 4,798.00",https://kompanero.in/products/cooper-the-messenger-bag?variant=46570115662107
Archie - The Card Holder,https://cdn.shopify.com/s/files/1/0731/4312/4251/files/SRP_8526copycopy_3024x.jpg?v=1693637728,"Rs. 1,398.00",https://kompanero.in/products/archie-the-card-holder?variant=46570025779483
Mirage - The Corset Belt,https://cdn.shopify.com/s/files/1/0731/4312/4251/files/K-0271-RED-5_3024x.jpg?v=1693390444,"Rs. 2,759.00",https://kompanero.in/products/mirage-the-corset-belt?variant=46570018668827
Abeba - The Corset Belt,https://cdn.shopify.com/s/files/1/0731/4312/4251/files/K-0236-BROWN-4_3024x.jpg?v=1693390052,"Rs. 2,219.00",https://kompanero.in/products/abeba-the-corset-belt?variant=46569968566555
Atkin - The Wallet,https://cdn.shopify.com/s/files/1/0731/4312/4251/files/StudioSession-8162copycopy_3024x.jpg?v=1693827538,Rs. 999.00,https://kompanero.in/products/atkin-the-wallet?variant=46569760129307
Pietro - The Backpack,https://cdn.shopify.com/s/files/1/0731/4312/4251/files/1_029f93f3-6e4c-4236-9201-ad48d91fdef7_3024x.jpg?v=1693548930,"Rs. 8,398.00",https://kompanero.in/products/pietro-the-backpack?variant=46569717891355
Roadster - The Backpack,https://cdn.shopify.com/s/files/1/0731/4312/4251/files/SRP_5675copycopy_3024x.jpg?v=1693553418,"Rs. 7,799.00",https://kompanero.in/products/roadster-the-backpack-1?variant=46569319858459
Mya - The Handbag,https://cdn.shopify.com/s/files/1/0731/4312/4251/files/B-7581-STONE-GREY-1_3024x.jpg?v=1693571164,"Rs. 6,999.00",https://kompanero.in/products/mya-the-handbag?variant=46568953577755
Albion - The Trolley,https://cdn.shopify.com/s/files/1/0731/4312/4251/files/0W8A5684_3024x.jpg?v=1693335705,"Rs. 26,999.00",https://kompanero.in/products/albion-the-trolley?variant=46564487069979
Katie - The Flat,https://cdn.shopify.com/s/files/1/0731/4312/4251/files/F-OC0001-MULTI-1_3024x.jpg?v=1693333840,"Rs. 3,998.00",https://kompanero.in/products/katie-the-flat?variant=46564319985947
Penelope - The Wedge,https://cdn.shopify.com/s/files/1/0731/4312/4251/files/F-OC0002-BEIGE-1_3024x.jpg?v=1693333169,"Rs. 4,797.00",https://kompanero.in/products/penelope-the-wedge?variant=46564245242139
Phoebe - The Block Heel,https://cdn.shopify.com/s/files/1/0731/4312/4251/files/F-OC0003-BROWN-1_3024x.jpg?v=1693332935,"Rs. 4,399.00",https://kompanero.in/products/phoebe-the-block-heel?variant=46564196253979
Callie - The Wallet,https://cdn.shopify.com/s/files/1/0731/4312/4251/files/1_74e36fbc-482f-488c-bbb6-302bc4366065_3024x.jpg?v=1693474547,"Rs. 1,798.00",https://kompanero.in/products/aleenaa-the-wallet?variant=46468997185819
Onda - The sling,https://cdn.shopify.com/s/files/1/0731/4312/4251/files/1_04c08076-9874-48d6-9bf6-f8c78f021e2d_3024x.jpg?v=1693473833,"Rs. 4,798.00",https://kompanero.in/products/onda-the-sling?variant=46451266257179
Zasha - The Belt,https://cdn.shopify.com/s/files/1/0731/4312/4251/files/1_3674457d-108c-4615-be73-c0ac0919d168_3024x.jpg?v=1693475432,"Rs. 2,719.00",https://kompanero.in/products/zasha-the-belt?variant=46469000102171
Marisha - The Belt,https://cdn.shopify.com/s/files/1/0731/4312/4251/files/2_2a3899e1-5a99-4422-8091-26dffaac8a0d_3024x.jpg?v=1693475493,"Rs. 1,598.00",https://kompanero.in/products/marisha-the-belt?variant=46469000790299
Camila - The Belt,https://cdn.shopify.com/s/files/1/0731/4312/4251/files/2_39669a07-1a87-4291-8e5d-6515e70beee1_3024x.jpg?v=1693475582,"Rs. 1,139.00",https://kompanero.in/products/camila-the-belt?variant=46443395186971
Melissa - The Sling Bag,https://cdn.shopify.com/s/files/1/0731/4312/4251/files/1_7130642d-4a53-42c9-8fa3-dbcbc7c0c629_3024x.jpg?v=1693472614,"Rs. 3,999.00",https://kompanero.in/products/melissa-the-sling-bag?variant=46442492166427
Velour - Camera Bag,https://cdn.shopify.com/s/files/1/0731/4312/4251/files/1_b646aa1d-cc0a-438f-8113-0ff3d75dca7e_3024x.jpg?v=1693464679,"Rs. 4,199.00",https://kompanero.in/products/velour-camera-bag?variant=46437251154203
Rover - The laptop backpack,https://cdn.shopify.com/s/files/1/0731/4312/4251/files/1_4ed3621c-6b28-4b57-8deb-15a53f577d05_3024x.jpg?v=1693465659,"Rs. 9,599.00",https://kompanero.in/products/rover-the-laptop-backpack?variant=46437145051419
Vipasa - The Crossbody,https://cdn.shopify.com/s/files/1/0731/4312/4251/files/1_8e9196ec-d11e-4652-80d2-96ac4343e831_3024x.jpg?v=1693465597,"Rs. 5,999.00",https://kompanero.in/products/vipasa-the-crossbody?variant=46437006934299
Onda - The Sling Bag,https://cdn.shopify.com/s/files/1/0731/4312/4251/files/1_b978eb64-fa66-44a8-9ff5-9fb9d9588102_3024x.jpg?v=1693464574,"Rs. 4,199.00",https://kompanero.in/products/onda-the-sling-bag?variant=46469004853531
Dazi - The Sling,https://cdn.shopify.com/s/files/1/0731/4312/4251/files/1_0ecd972a-3ccb-4b0c-ad86-b313e900766d_3024x.jpg?v=1693464382,"Rs. 4,699.00",https://kompanero.in/products/dazi-the-sling?variant=46469007638811
Aurora - The Sling Bag,https://cdn.shopify.com/s/files/1/0731/4312/4251/files/2_9cc16234-b721-4717-aeeb-4027fd27fd86_3024x.jpg?v=1693465487,"Rs. 2,998.00",https://kompanero.in/products/aurora-the-sling-bag?variant=46469010751771
Dorian - The Portfolio,https://cdn.shopify.com/s/files/1/0731/4312/4251/files/2_0fe76b40-6b04-4796-8691-233b47335b08_3024x.jpg?v=1693464261,"Rs. 10,798.00",https://kompanero.in/products/dorian-the-portfolio?variant=46469011636507
Heidi - The Wallet,https://cdn.shopify.com/s/files/1/0731/4312/4251/files/1_8cc88ca0-32dc-4620-ae0d-bc0982da703b_3024x.jpg?v=1693223725,"Rs. 1,348.00",https://kompanero.in/products/heidi-the-wallet?variant=46315831034139
Brandon - The Wallet,https://cdn.shopify.com/s/files/1/0731/4312/4251/files/1_bb522574-1e36-44b1-ab4e-012c0d2cbe54_3024x.jpg?v=1693225171,"Rs. 1,119.00",https://kompanero.in/products/brandon-the-wallet?variant=46469015634203
Rover - The wallet,https://cdn.shopify.com/s/files/1/0731/4312/4251/files/1_4e0c16f9-d439-4c66-b657-b4c4a36829f6_3024x.jpg?v=1693378942,"Rs. 2,959.00",https://kompanero.in/products/rover-the-wallet?variant=46469017501979
Jade - The Wallet,https://cdn.shopify.com/s/files/1/0731/4312/4251/files/1_f2c104fa-b7ef-4684-9fa7-d3cf04b7ded0_3024x.jpg?v=1693222824,"Rs. 2,798.00",https://kompanero.in/products/jade-the-wallet?variant=46469017633051
Carbani - The Keycase,https://cdn.shopify.com/s/files/1/0731/4312/4251/files/1_0bb69607-7979-4770-8b0d-9eee5a6dcab8_3024x.jpg?v=1693224397,"Rs. 1,119.00",https://kompanero.in/products/carbani-the-keycase?variant=46310946472219
Aimee - The Shoulder Bag,https://cdn.shopify.com/s/files/1/0731/4312/4251/files/1_f91dddf0-e542-4414-bf05-295fa42001b2_3024x.jpg?v=1693220776,"Rs. 7,198.00",https://kompanero.in/products/aimee-the-shoulder-bag-1?variant=46469022417179
Astratto - The Sling,https://cdn.shopify.com/s/files/1/0731/4312/4251/files/1_3375c2ab-1a2e-43a9-a43d-597cced856e1_3024x.jpg?v=1693215243,"Rs. 4,199.00",https://kompanero.in/products/astratto-the-sling?variant=46469024743707
Harmonia - The Medium Sling Bag,https://cdn.shopify.com/s/files/1/0731/4312/4251/files/3_071a1918-f6c2-4733-bdf8-5e01e151958c_3024x.jpg?v=1691834107,"Rs. 4,197.00",https://kompanero.in/products/harmonia-the-medium-sling-bag?variant=45456860741915
Kaleido - The Wallet,https://cdn.shopify.com/s/files/1/0731/4312/4251/files/1_c12d34bd-993e-40df-ba4a-6befc51089e1_3024x.jpg?v=1693030943,"Rs. 2,397.00",https://kompanero.in/products/kaleido-the-wallet?variant=45456820207899
Jaime - The Trolley,https://cdn.shopify.com/s/files/1/0731/4312/4251/files/0W8A5694_3024x.jpg?v=1692712590,"Rs. 25,899.00",https://kompanero.in/products/jaime-the-trolley?variant=45447113048347
Sonnet - The Sling Bag,https://cdn.shopify.com/s/files/1/0731/4312/4251/files/1_fa305bdb-878a-445e-a7b3-90e63e67cc5b_3024x.jpg?v=1692710055,"Rs. 6,999.00",https://kompanero.in/products/sonnet-the-sling-bag?variant=45447076774171
Rattan - The Sling,https://cdn.shopify.com/s/files/1/0731/4312/4251/files/1_104a4bc6-b1b6-4fca-acb2-15a49c13333d_3024x.jpg?v=1692345456,"Rs. 4,498.00",https://kompanero.in/products/rattan-the-sling?variant=45447048167707
Lexi - The Handbag,https://cdn.shopify.com/s/files/1/0731/4312/4251/files/1_082d0e7d-22fa-4b24-8c9e-2540f093249d_3024x.jpg?v=1692258659,"Rs. 4,249.00",https://kompanero.in/products/blossom-the-sling-bag-1?variant=45446899925275
Neo - The Portfolio,https://cdn.shopify.com/s/files/1/0731/4312/4251/files/G31A5581_3024x.jpg?v=1693553796,"Rs. 13,598.00",https://kompanero.in/products/maverick-the-portfolio?variant=45446855131419
Sebastian - The Travel Wallet,https://cdn.shopify.com/s/files/1/0731/4312/4251/files/1_a767851d-cdb7-4fcc-a5af-8ec2477dcb54_3024x.jpg?v=1692792612,"Rs. 2,097.00",https://kompanero.in/products/sebastian-the-travel-wallet?variant=45446836191515
Carter - The Messenger Bag,https://cdn.shopify.com/s/files/1/0731/4312/4251/files/1_be7521c2-4580-4665-b9de-057652e9bfa7_3024x.jpg?v=1692255737,"Rs. 8,999.00",https://kompanero.in/products/carter-the-messenger-bag?variant=45446700826907
Carter - The Messenger,https://cdn.shopify.com/s/files/1/0731/4312/4251/files/1_8cd64bbb-e806-4aaa-a6d9-6bcb2a90c35f_3024x.jpg?v=1692256154,"Rs. 7,198.00",https://kompanero.in/products/carter-the-messenger?variant=45446690701595
Rover - The clutch,https://cdn.shopify.com/s/files/1/0731/4312/4251/files/1_0e3f5911-7f2a-4220-a8f1-573f52262a74_3024x.jpg?v=1693031560,"Rs. 3,199.00",https://kompanero.in/products/rover-the-clutch?variant=45442605613339
Riga - The Wallet,https://cdn.shopify.com/s/files/1/0731/4312/4251/files/1_45032e44-bd34-4180-843c-7bdb37d64266_3024x.jpg?v=1692948454,"Rs. 2,397.00",https://kompanero.in/products/riga-the-wallet-1?variant=45442546336027
Esme - The Wallet,https://cdn.shopify.com/s/files/1/0731/4312/4251/files/1_d783bd8f-5007-471a-b9bc-33f6c5fcdbd8_3024x.jpg?v=1692879253,"Rs. 2,719.00",https://kompanero.in/products/esme-the-wallet?variant=45438584488219
Theo - The Multi Color Printed Laptop Sleeve,https://cdn.shopify.com/s/files/1/0731/4312/4251/files/1_8556d4e9-463b-46a4-8856-35e8c749749a_3024x.jpg?v=1691827837,"Rs. 8,798.00",https://kompanero.in/products/theo-the-multi-color-printed-laptop-sleeve?variant=45438574362907
Theo - The Laptop Sleeve,https://cdn.shopify.com/s/files/1/0731/4312/4251/files/2_27f4c036-6589-4eb8-8fff-4f925b856631_3024x.jpg?v=1692358575,"Rs. 7,999.00",https://kompanero.in/products/theo-the-laptop-sleeve?variant=45438572003611
Felicity - The Travel Wallet,https://cdn.shopify.com/s/files/1/0731/4312/4251/files/1_2b4b1df4-40cb-414f-a6e7-f77f45d278fe_3024x.jpg?v=1692797632,"Rs. 3,679.00",https://kompanero.in/products/felicity-the-travel-wallet-1?variant=45383528874267
Michalis - The Belt,https://cdn.shopify.com/s/files/1/0731/4312/4251/files/1_730bf5ea-e070-403a-afea-385f26705cc5_3024x.jpg?v=1691563774,Rs. 898.00,https://kompanero.in/products/michalis-the-belt?variant=45383384793371
Alessia - The Backpack,https://cdn.shopify.com/s/files/1/0731/4312/4251/files/1_5eaad87f-ae7d-4c38-b425-b865a8613581_3024x.jpg?v=1693894569,"Rs. 4,999.00",https://kompanero.in/products/alessia-the-backpack?variant=45383353663771
Linnea - The Shoulder Bag,https://cdn.shopify.com/s/files/1/0731/4312/4251/files/1_4c29eee6-cf50-4390-8a7a-d6e5140078c6_3024x.jpg?v=1692346935,"Rs. 5,398.00",https://kompanero.in/products/linnea-the-shoulder-bag?variant=45370167558427
Helena - The Handbag,https://cdn.shopify.com/s/files/1/0731/4312/4251/files/1_7dd72817-40fc-4880-9cc8-02c507428811_3024x.jpg?v=1692626987,"Rs. 9,798.00",https://kompanero.in/products/helena-the-handbag?variant=45370081050907
Cooper - The Shoulder Bag,https://cdn.shopify.com/s/files/1/0731/4312/4251/files/1_c431c00c-0411-450d-89ec-478b90daf70e_3024x.jpg?v=1691737470,"Rs. 7,799.00",https://kompanero.in/products/cooper-the-shoulder-bag?variant=46469066195227
Brielle - The Shoulder Bag,https://cdn.shopify.com/s/files/1/0731/4312/4251/files/1_dd50d4a3-73ff-4854-86dd-a2cea3fd0264_3024x.jpg?v=1691738229,"Rs. 8,398.00",https://kompanero.in/products/brielle-the-shoulder-bag?variant=45368991777051
Zen - The Backpack,https://cdn.shopify.com/s/files/1/0731/4312/4251/files/1_b89b7807-c644-4620-b77b-801a00c968a3_3024x.jpg?v=1692608830,"Rs. 8,998.00",https://kompanero.in/products/zen-the-backpack?variant=45330019254555
Rover - The small backpack,https://cdn.shopify.com/s/files/1/0731/4312/4251/files/1_26aa7187-a7c4-4b50-82d1-b2b3394524f2_3024x.jpg?v=1692265212,"Rs. 5,999.00",https://kompanero.in/products/rover-the-small-backpack?variant=45329994547483
Vipasa - The Sling,https://cdn.shopify.com/s/files/1/0731/4312/4251/files/1_c053612c-0a66-4efc-ab6a-db01cc4ac2ce_3024x.jpg?v=1692609742,"Rs. 4,798.00",https://kompanero.in/products/vipasa-the-sling?variant=45329965056283
Austin - The Backpacker,https://cdn.shopify.com/s/files/1/0731/4312/4251/files/1_bdaea439-6ff8-4e88-9633-dfc05be2944e_3024x.jpg?v=1692277823,"Rs. 9,599.00",https://kompanero.in/products/austin-the-backpacker?variant=45329873633563
Ariyeh - The Cardholder,https://cdn.shopify.com/s/files/1/0731/4312/4251/files/1_efcd6299-d04e-481d-a6a8-0a02b7f0457d_3024x.jpg?v=1692792697,Rs. 898.00,https://kompanero.in/products/ariyeh-the-cardholder?variant=45329862164763
Aimee - The Handbag,https://cdn.shopify.com/s/files/1/0731/4312/4251/files/1_e49bf245-cf5b-4dee-a3d8-b402f1aff659_3024x.jpg?v=1692617766,"Rs. 5,999.00",https://kompanero.in/products/aimee-the-handbag?variant=45329825890587
Bluebell- The Handbag,https://cdn.shopify.com/s/files/1/0731/4312/4251/files/2_7572970c-f5a4-4cc4-97d6-d656a1e54aff_3024x.jpg?v=1692365287,"Rs. 5,299.00",https://kompanero.in/products/bluebell-the-handbag?variant=45329815798043
Brielle - The Tote,https://cdn.shopify.com/s/files/1/0731/4312/4251/files/1_981d3f0f-ce00-4e2a-a170-1b1777fe6dc4_3024x.jpg?v=1691737659,"Rs. 9,599.00",https://kompanero.in/products/brielle-the-tote?variant=45329804525851
Gardenia - The Medium Handbag,https://cdn.shopify.com/s/files/1/0731/4312/4251/files/1_750c167a-2042-4be3-8f7a-8d9edb12e98a_3024x.jpg?v=1692704179,"Rs. 9,099.00",https://kompanero.in/products/gardenia-the-medium-handbag?variant=45329789583643
Roadster - The Crossbody,https://cdn.shopify.com/s/files/1/0731/4312/4251/files/1_66d2b255-a59c-47aa-8046-b4adbabe9cce_3024x.jpg?v=1692438763,"Rs. 4,798.00",https://kompanero.in/products/roadster-the-crossbody?variant=45329783783707
Harmonia - The Shoulder Bag,https://cdn.shopify.com/s/files/1/0731/4312/4251/files/1_a052c91d-24ad-4226-bd7f-f50a6881db67_3024x.jpg?v=1691833476,"Rs. 11,898.00",https://kompanero.in/products/harmonia-the-shoulder-bag?variant=45329782866203
Annika - The Belt,https://cdn.shopify.com/s/files/1/0731/4312/4251/files/1_d9d28664-200d-4213-8861-c355f75328be_3024x.jpg?v=1691565651,"Rs. 1,999.00",https://kompanero.in/products/annika-the-belt?variant=45329764811035
Ailleda - The Sling,https://cdn.shopify.com/s/files/1/0731/4312/4251/files/2_bdb58472-3599-4f42-8d94-5e529dd9d09d_3024x.jpg?v=1692343183,"Rs. 6,899.00",https://kompanero.in/products/ailleda-the-sling?variant=45329571676443
Lilly - The Luggage Tag,https://cdn.shopify.com/s/files/1/0731/4312/4251/files/1_56b94306-ae93-4aa4-81f3-67165a67dc22_3024x.jpg?v=1693032450,"Rs. 1,119.00",https://kompanero.in/products/lilly-the-luggage-tag?variant=45329419632923
Provogue - The Laptop Bag,https://cdn.shopify.com/s/files/1/0731/4312/4251/files/1_36169678-a753-4fcd-acac-674db4810a4b_3024x.jpg?v=1692601775,"Rs. 11,399.00",https://kompanero.in/products/provogue-the-laptop-bag?variant=45327827403035
Jackson - The Messenger,https://cdn.shopify.com/s/files/1/0731/4312/4251/files/1_fdb7f2df-4f7d-49a4-8a11-b5ca4abde0a4_3024x.jpg?v=1692278063,"Rs. 5,499.00",https://kompanero.in/products/jackson-the-messenger?variant=46469077139739
Men's Brown Leather Jacket,https://cdn.shopify.com/s/files/1/0731/4312/4251/files/1_acc65eed-0a4f-4415-b216-820a8c0770b0_3024x.jpg?v=1687333901,"Rs. 11,399.00",https://kompanero.in/products/mens-brown-leather-jacket?variant=45326530445595
Elijah - The Belt,https://cdn.shopify.com/s/files/1/0731/4312/4251/files/1_b948149d-1829-424b-8b0a-7e80164737dd_3024x.jpg?v=1691565154,"Rs. 1,749.00",https://kompanero.in/products/elijah-the-belt?variant=45326395539739
Tesha - The Wallet,https://cdn.shopify.com/s/files/1/0731/4312/4251/files/1_0434ec25-d59f-487a-b9d6-8666c1ba557b_3024x.jpg?v=1692948327,"Rs. 3,518.00",https://kompanero.in/products/tesha-the-wallet?variant=45326253916443
Maya - The Wallet,https://cdn.shopify.com/s/files/1/0731/4312/4251/files/1_d3c4a71e-cc76-4c19-9577-041167c27d90_3024x.jpg?v=1692947911,"Rs. 2,959.00",https://kompanero.in/products/maya-the-wallet?variant=46587207975195
Harmonia - The Women's Wallet,https://cdn.shopify.com/s/files/1/0731/4312/4251/products/1_bf2c722d-e1a5-4fe5-aecb-30ccc9ae0c27_3024x.jpg?v=1693035106,"Rs. 3,679.00",https://kompanero.in/products/harmonia-the-womens-wallet?variant=45326088732955
Harmonia - The Wallet,https://cdn.shopify.com/s/files/1/0731/4312/4251/files/1_b8a1d882-931c-45b8-a0fe-ef30f8611cc3_3024x.jpg?v=1693035333,"Rs. 3,998.00",https://kompanero.in/products/harmonia-the-wallet?variant=45326042464539
Cecilia - The Wallet,https://cdn.shopify.com/s/files/1/0731/4312/4251/files/1_e9fbf5f6-43f4-4535-b704-e021c02375f4_3024x.jpg?v=1693044443,"Rs. 2,959.00",https://kompanero.in/products/cecilia-the-wallet?variant=45325953499419
Aalis - The Wallet,https://cdn.shopify.com/s/files/1/0731/4312/4251/files/1_3e7a8db8-ba28-4701-9ac6-b77ec1bcf820_3024x.jpg?v=1691562585,"Rs. 2,959.00",https://kompanero.in/products/aalis-the-wallet?variant=45313905819931
Aase - The Wallet,https://cdn.shopify.com/s/files/1/0731/4312/4251/files/1_50e86661-9675-4194-8e15-0253d914d6d0_3024x.jpg?v=1691562360,"Rs. 2,239.00",https://kompanero.in/products/aase-the-wallet?variant=45313896612123
Lucas - The Belt,https://cdn.shopify.com/s/files/1/0731/4312/4251/files/1_4ff0aa94-6de1-4a46-a82d-b3d452a1c82a_3024x.jpg?v=1691565249,"Rs. 1,398.00",https://kompanero.in/products/lucas-the-belt?variant=45313822720283
Garrison - The Backpack,https://cdn.shopify.com/s/files/1/0731/4312/4251/files/1_df6d2672-dcb8-4d7d-a8ad-3e86cdaf236e_3024x.jpg?v=1690607809,"Rs. 14,399.00",https://kompanero.in/products/garrison-the-backpack-1?variant=45313772323099
Harry - The Backpacker,https://cdn.shopify.com/s/files/1/0731/4312/4251/files/1_12ed0cd5-1daa-49d2-bf55-b5906a573cd0_3024x.jpg?v=1692278211,"Rs. 7,799.00",https://kompanero.in/products/harry-the-backpacker?variant=45313763574043
Ellie - The Handbag,https://cdn.shopify.com/s/files/1/0731/4312/4251/files/1_e45896d1-d30c-40f9-87b6-9f873634fcc6_3024x.jpg?v=1692253472,"Rs. 6,999.00",https://kompanero.in/products/ellie-the-handbag?variant=45313612742939
Evie - The Handbag,https://cdn.shopify.com/s/files/1/0731/4312/4251/files/2_bf2e6b86-817c-417c-8628-5a939ce7cbce_3024x.jpg?v=1692366582,"Rs. 5,999.00",https://kompanero.in/products/b-7826?variant=45313560445211
Lara - The Handbag,https://cdn.shopify.com/s/files/1/0731/4312/4251/files/1_29551705-73f4-4f30-ace2-39dd55a7ae7f_3024x.jpg?v=1692628752,"Rs. 11,199.00",https://kompanero.in/products/lara-the-handbag-1?variant=46469090312475
Elena - The Wallet,https://cdn.shopify.com/s/files/1/0731/4312/4251/files/1_eea18ea5-7f69-455e-aaa0-adf71c225874_3024x.jpg?v=1693043256,"Rs. 2,078.00",https://kompanero.in/products/elena-the-wallet?variant=45312580223259
Alexis - The Wallet,https://cdn.shopify.com/s/files/1/0731/4312/4251/files/1_cd62b8e9-4122-4b14-a9f9-5ed99cc9b5d9_3024x.jpg?v=1692947480,"Rs. 3,679.00",https://kompanero.in/products/alexis-the-wallet?variant=45312544112923
Ternet - The Backpack,https://cdn.shopify.com/s/files/1/0731/4312/4251/files/1_0619b908-2e03-4028-af13-41d2e4f933ce_3024x.jpg?v=1692265155,"Rs. 10,798.00",https://kompanero.in/products/ternet-the-backpack?variant=45308832612635
Patrice - The Backpack,https://cdn.shopify.com/s/files/1/0731/4312/4251/files/1_2255ceba-23b5-4619-9b3c-d5e2af1246b4_3024x.jpg?v=1692428693,"Rs. 9,599.00",https://kompanero.in/products/patrice-the-backpack?variant=46587213283611
Albert - The Backpacker,https://cdn.shopify.com/s/files/1/0731/4312/4251/files/1_3e7cee3f-5b39-4949-a21e-4185f4ffc710_3024x.jpg?v=1690455784,"Rs. 8,699.00",https://kompanero.in/products/albert-the-backpacker?variant=45308793618715
Denis - The Portfolio Bag,https://cdn.shopify.com/s/files/1/0731/4312/4251/files/1_eecd6987-5e7f-4c40-937c-c126c4242596_3024x.jpg?v=1692340941,"Rs. 11,699.00",https://kompanero.in/products/denis-the-portfolio-bag?variant=46587213545755
Women's Black Leather Jacket,https://cdn.shopify.com/s/files/1/0731/4312/4251/files/1_89858faa-1f3a-499e-aba8-a4461e862d71_3024x.jpg?v=1687333825,"Rs. 8,998.00",https://kompanero.in/products/womens-black-leather-jacket?variant=45304979259675
Aliana - The Womens Jacket,https://cdn.shopify.com/s/files/1/0731/4312/4251/files/1_77253b3c-3c16-4566-947b-fe0340efaf18_3024x.jpg?v=1687333968,"Rs. 7,799.00",https://kompanero.in/products/aliana-the-womens-jacket?variant=45304966643995
Life - The Womens Blazer,https://cdn.shopify.com/s/files/1/0731/4312/4251/files/1_01c46e3e-6bb0-4dab-9b1f-90ae5506aef2_3024x.jpg?v=1687334628,"Rs. 8,998.00",https://kompanero.in/products/life-the-womens-blazer?variant=45304960549147
Men's Leather Jacket,https://cdn.shopify.com/s/files/1/0731/4312/4251/files/1_ea36be62-f6ee-4884-a16b-ae5b83001a16_3024x.jpg?v=1687331359,"Rs. 10,798.00",https://kompanero.in/products/mens-leather-jacket?variant=45304946098459
Bomber - The Mens Jacket,https://cdn.shopify.com/s/files/1/0731/4312/4251/files/1_e56736e6-8647-4080-b4fb-dcbb9d47fce7_3024x.jpg?v=1687334807,"Rs. 9,599.00",https://kompanero.in/products/bomber-the-mens-jacket?variant=45304933253403
Men's Brown Leather Jacket,https://cdn.shopify.com/s/files/1/0731/4312/4251/files/1_2be7ff00-8d23-4035-b057-704e27541775_3024x.jpg?v=1687332070,"Rs. 10,798.00",https://kompanero.in/products/mens-brown-color-leather-jacket?variant=45291310219547
Bryony - The Wallet,https://cdn.shopify.com/s/files/1/0731/4312/4251/files/1_e7304429-0f3e-459f-b3bf-b455c0414c24_3024x.jpg?v=1692783927,"Rs. 2,719.00",https://kompanero.in/products/bryony-the-wallet?variant=45291227906331
Amelie - The Wallet,https://cdn.shopify.com/s/files/1/0731/4312/4251/files/4_46003091-7092-424a-ab05-f957f46662c8_3024x.jpg?v=1693044566,"Rs. 2,397.00",https://kompanero.in/products/amelie-the-wallet?variant=45291185930523
Reuben - The Backpacker,https://cdn.shopify.com/s/files/1/0731/4312/4251/files/1_3812643b-c820-4093-a298-f219d585b3df_3024x.jpg?v=1692277666,"Rs. 8,499.00",https://kompanero.in/products/reuben-the-backpacker?variant=45291120165147
Clara - The Pen case,https://cdn.shopify.com/s/files/1/0731/4312/4251/files/1_5545194e-c22d-47cf-9794-e3f39bceb64f_3024x.jpg?v=1693042613,Rs. 909.00,https://kompanero.in/products/clara-the-pen-case?variant=45291090739483
Ella - The Wallet,https://cdn.shopify.com/s/files/1/0731/4312/4251/files/2_51c0fd9a-9270-42c9-a7a2-ccf90431923c_3024x.jpg?v=1693027358,"Rs. 2,637.00",https://kompanero.in/products/ella-the-wallet?variant=45281222525211
Phoebe - The Key Case,https://cdn.shopify.com/s/files/1/0731/4312/4251/files/1_7b75aef6-0196-4ae6-b9a7-498611a2e912_3024x.jpg?v=1693028124,Rs. 909.00,https://kompanero.in/products/phoebe-the-key-case?variant=46587220656411
Kim - The Sling,https://cdn.shopify.com/s/files/1/0731/4312/4251/files/2_fdc6e468-2beb-4451-b97b-295cd5a47009_3024x.jpg?v=1692365831,"Rs. 4,798.00",https://kompanero.in/products/kim-the-sling?variant=45273832915227
Fika - The Sling Bag,https://cdn.shopify.com/s/files/1/0731/4312/4251/files/1_723a3cc4-d720-4301-9182-f65f449fd62e_3024x.jpg?v=1692601615,"Rs. 4,498.00",https://kompanero.in/products/fika-the-sling-bag?variant=45273793233179
Ozzy - The Wallet,https://cdn.shopify.com/s/files/1/0731/4312/4251/files/1_4b1c811d-10a0-4c8f-90ef-8b3b11cbe513_3024x.jpg?v=1692783497,"Rs. 3,597.00",https://kompanero.in/products/ozzy-the-wallet?variant=45273675497755
Willa - The Belt,https://cdn.shopify.com/s/files/1/0731/4312/4251/files/1_f882706e-4f77-43b1-81c5-712fcd76738c_3024x.jpg?v=1691564963,"Rs. 1,499.00",https://kompanero.in/products/willa-the-belt?variant=45273109299483
Clarissa - The Sling,https://cdn.shopify.com/s/files/1/0731/4312/4251/files/1_5b0a0b48-d1c8-487b-b246-474ceac27018_3024x.jpg?v=1692277449,"Rs. 2,998.00",https://kompanero.in/products/clarissa-the-sling?variant=45234546180379
Brielle - The Handbag,https://cdn.shopify.com/s/files/1/0731/4312/4251/files/1_c3813dbe-a47a-4b3d-936d-3bd76797ba64_3024x.jpg?v=1691738121,"Rs. 5,398.00",https://kompanero.in/products/brielle-the-handbag?variant=45234508890395
Rachel - The Handbag,https://cdn.shopify.com/s/files/1/0731/4312/4251/files/2_0dad9d18-1fd3-4e07-85f1-e14d339eeee9_3024x.jpg?v=1692259547,"Rs. 4,798.00",https://kompanero.in/products/rachel-the-handbag?variant=45204622147867
Herringbone - The Shoulder Bag,https://cdn.shopify.com/s/files/1/0731/4312/4251/files/1_6ecdc8a8-7b33-4314-8180-5aaa5478583c_3024x.jpg?v=1692349515,"Rs. 4,999.00",https://kompanero.in/products/herringbone-the-shoulder-bag?variant=45204218151195
Ryan - The Card Holder,https://cdn.shopify.com/s/files/1/0731/4312/4251/files/3_3fe14f4e-23f9-418f-af89-4cc29dee25a1_3024x.jpg?v=1693042682,"Rs. 1,329.00",https://kompanero.in/products/ryan-the-card-holder?variant=45204192493851
Cleopatra - The Wallet,https://cdn.shopify.com/s/files/1/0731/4312/4251/files/1_11b77b4f-11f3-429d-b3d4-cbb3f37680d6_3024x.jpg?v=1692792998,"Rs. 2,239.00",https://kompanero.in/products/cleopatra-the-wallet?variant=45204019413275
Harriet - The Toiletry Case,https://cdn.shopify.com/s/files/1/0731/4312/4251/files/1_cf8f50f4-63f7-451c-9c07-015938973875_3024x.jpg?v=1692873523,"Rs. 1,329.00",https://kompanero.in/products/harriet-the-toiletry-case?variant=45203957940507
Eleni - The Belt,https://cdn.shopify.com/s/files/1/0731/4312/4251/files/1_dc0b6c0c-60b3-409b-aaa8-012ef1b70bde_3024x.jpg?v=1691563875,Rs. 838.00,https://kompanero.in/products/eleni-the-belt?variant=45203905839387
William - The Keycase,https://cdn.shopify.com/s/files/1/0731/4312/4251/files/1_47c7a993-ca5f-47fc-81ae-6dc47ad97ec9_3024x.jpg?v=1692873632,Rs. 978.00,https://kompanero.in/products/william-the-keycase?variant=45203896074523
Fika - The Hand Bag,https://cdn.shopify.com/s/files/1/0731/4312/4251/files/1_03cde887-836e-4813-9ff0-6ccc023a4444_3024x.jpg?v=1692434150,"Rs. 7,999.00",https://kompanero.in/products/fika-the-hand-bag?variant=45203885228315
Cooper - The Handbag,https://cdn.shopify.com/s/files/1/0731/4312/4251/files/1_e9e0db9c-dcc4-40da-9074-10ee092f47db_3024x.jpg?v=1691737357,"Rs. 7,799.00",https://kompanero.in/products/cooper-the-handbag?variant=45203862323483
Rover - The mini crossbody bag,https://cdn.shopify.com/s/files/1/0731/4312/4251/files/1_58a8385f-745b-4a9f-aeda-2cd5fa3a20c7_3024x.jpg?v=1691738956,"Rs. 4,199.00",https://kompanero.in/products/rover-the-mini-crossbody-bag?variant=45199687254299
Mya - The Belt,https://cdn.shopify.com/s/files/1/0731/4312/4251/files/1_6ac597f4-2410-4c92-b5c1-d101fffdf5f6_3024x.jpg?v=1691563991,"Rs. 1,139.00",https://kompanero.in/products/mya-the-belt?variant=45199591047451
Jacob - The Duffle Bag,https://cdn.shopify.com/s/files/1/0731/4312/4251/files/1_e31d94b4-262e-46ac-8f04-d22121a1dd53_3024x.jpg?v=1692255401,"Rs. 9,999.00",https://kompanero.in/products/jacob-the-duffle-bag?variant=45199578202395
Herringbone - The Handbag,https://cdn.shopify.com/s/files/1/0731/4312/4251/files/1_9ad91fa5-751c-4a85-a5c9-4bf87d012dad_3024x.jpg?v=1692348934,"Rs. 8,299.00",https://kompanero.in/products/herringbone-the-handbag?variant=45199279292699
Fika - The Shoulder Bag,https://cdn.shopify.com/s/files/1/0731/4312/4251/files/1_c3f42fcd-afcf-4637-a905-19fa2fb64fc7_3024x.jpg?v=1692430133,"Rs. 7,798.00",https://kompanero.in/products/fika-the-shoulder-bag?variant=45198948139291
Aimee - The Shoulder Bag,https://cdn.shopify.com/s/files/1/0731/4312/4251/files/1_062a1e02-b785-49d3-9f71-1cd809abb8fe_3024x.jpg?v=1692617240,"Rs. 5,999.00",https://kompanero.in/products/aimee-the-shoulder-bag?variant=45198906327323
Freddie - The Duffel,https://cdn.shopify.com/s/files/1/0731/4312/4251/files/1_faae84a0-62c2-4ed6-8201-5dc606320431_3024x.jpg?v=1692365672,"Rs. 10,199.00",https://kompanero.in/products/freddie-the-duffel?variant=46587232354587
Ambrose - The Belt,https://cdn.shopify.com/s/files/1/0731/4312/4251/files/2_5824ab20-e7ac-4e3d-bac8-8e280f6b2ab3_3024x.jpg?v=1693210546,"Rs. 1,539.00",https://kompanero.in/products/ambrose-the-belt?variant=46587232649499
Josephine - The Portfolio Bag,https://cdn.shopify.com/s/files/1/0731/4312/4251/files/1_85a8f767-6123-4afa-a697-ae00e5775f44_3024x.jpg?v=1692262734,"Rs. 9,898.00",https://kompanero.in/products/josephine-the-portfolio-bag?variant=46469149360411
Olga - The Handbag,https://cdn.shopify.com/s/files/1/0731/4312/4251/files/1_c1549d9c-5386-482d-9b9c-c73ca21378bd_3024x.jpg?v=1692365772,"Rs. 6,499.00",https://kompanero.in/products/olga-the-handbag?variant=45192140194075
Iris - The Handbag,https://cdn.shopify.com/s/files/1/0731/4312/4251/files/1_2015b5ab-4f33-42a4-8884-10c8f27b584c_3024x.jpg?v=1692609207,"Rs. 7,999.00",https://kompanero.in/products/iris-the-handbag?variant=45191372898587
Grais - The Coin Case,https://cdn.shopify.com/s/files/1/0731/4312/4251/files/1_81ef2025-28ac-4495-85c5-4d3612469494_3024x.jpg?v=1692874132,Rs. 699.00,https://kompanero.in/products/grais-the-coin-case?variant=46642783977755
Onda - The Crossbody,https://cdn.shopify.com/s/files/1/0731/4312/4251/files/1_972fe131-5cb1-4d1a-b66a-d9db9e2ca557_3024x.jpg?v=1692344669,"Rs. 3,598.00",https://kompanero.in/products/onda-the-crossbody?variant=45191001932059
Charles - The Chukka Boot,https://cdn.shopify.com/s/files/1/0731/4312/4251/files/EX-VF0012-BLACK-1-2_3024x.jpg?v=1690285066,"Rs. 5,999.00",https://kompanero.in/products/ayaz-the-chukka-boot?variant=45179249393947
Ternet - The Laptop Bag,https://cdn.shopify.com/s/files/1/0731/4312/4251/files/1_a6eb6898-e29d-4f01-b135-70476e332e42_3024x.jpg?v=1691739034,"Rs. 7,799.00",https://kompanero.in/products/ternet-the-laptop-bag?variant=45204897956123
Zinnia - The Hobo Bag,https://cdn.shopify.com/s/files/1/0731/4312/4251/files/1_bff3247d-1976-438b-8b2e-7b0166c82d44_3024x.jpg?v=1691739591,"Rs. 6,999.00",https://kompanero.in/products/zinnia-the-hobo-bag?variant=45204878852379
Zinnia - The Shoulder Bag,https://cdn.shopify.com/s/files/1/0731/4312/4251/files/1_6751fd00-08b8-46ab-99c1-31b16435b6f0_3024x.jpg?v=1692264676,"Rs. 9,099.00",https://kompanero.in/products/zinnia-the-shoulder-bag?variant=45204874592539
Zinnia - The Handbag,https://cdn.shopify.com/s/files/1/0731/4312/4251/files/1_b7c072ee-b320-441b-88ad-d701a0cf549d_3024x.jpg?v=1692264767,"Rs. 8,397.00",https://kompanero.in/products/zinnia-the-handbag?variant=45204881998107
Helena - The Medium Sling Bag,https://cdn.shopify.com/s/files/1/0731/4312/4251/files/1_2dc9d4b6-543f-4e89-8b63-c6ed97d0fe60_3024x.jpg?v=1692624128,"Rs. 7,698.00",https://kompanero.in/products/helena-the-medium-sling-bag?variant=45191275118875
Helena - The Ladies Wallet,https://cdn.shopify.com/s/files/1/0731/4312/4251/files/1_84a60177-30bf-42e6-a62f-c41277d517cd_3024x.jpg?v=1692784229,"Rs. 3,998.00",https://kompanero.in/products/helena-the-ladies-wallet?variant=45191265026331
Helena - The Wallet,https://cdn.shopify.com/s/files/1/0731/4312/4251/files/1_a2798fda-b875-49f9-8ee3-7aa3ec7fb2ca_3024x.jpg?v=1692784293,"Rs. 4,798.00",https://kompanero.in/products/helena-the-wallet?variant=45191307198747
Erica - The Belt,https://cdn.shopify.com/s/files/1/0731/4312/4251/files/0W8A6861_3024x.jpg?v=1692712269,"Rs. 1,679.00",https://kompanero.in/products/erica-the-belt?variant=45165803012379
Garrison - The Messenger Bag,https://cdn.shopify.com/s/files/1/0731/4312/4251/files/1_b5c8b7ad-95a7-4465-b446-6e3f06260b7a_3024x.jpg?v=1690607324,"Rs. 8,999.00",https://kompanero.in/products/garrison-the-messenger-bag?variant=45174368305435
Garrison - The Portfolio,https://cdn.shopify.com/s/files/1/0731/4312/4251/files/1_e4316b49-3129-4682-b19b-305ec6a6610d_3024x.jpg?v=1690607892,"Rs. 17,099.00",https://kompanero.in/products/garrison-the-portfolio?variant=45174382952731
Garrison - The Travel Bag,https://cdn.shopify.com/s/files/1/0731/4312/4251/files/1_46e551de-f33e-4eec-ae2b-aff4cdaec2dd_3024x.jpg?v=1690607963,"Rs. 12,598.00",https://kompanero.in/products/garrison-the-travel-bag?variant=45174386458907
Elio - The Classic Laptop Bag,https://cdn.shopify.com/s/files/1/0731/4312/4251/files/B-10799-COGNAC_1_3024x.jpg?v=1693827893,"Rs. 10,399.00",https://kompanero.in/products/elio-the-classic-laptop-bag?variant=45161185083675
Elio - The Belt Bag,https://cdn.shopify.com/s/files/1/0731/4312/4251/files/1_a7d986c7-0820-4fe4-b716-4521e65b99e7_3024x.jpg?v=1691738697,"Rs. 3,998.00",https://kompanero.in/products/elio-the-belt-bag?variant=45161043296539
Elio - The Portfolio,https://cdn.shopify.com/s/files/1/0731/4312/4251/files/1_125cfb75-9b18-4c36-9afa-97142ef59393_3024x.jpg?v=1692265683,"Rs. 11,997.00",https://kompanero.in/products/elio-the-portfolio?variant=45161402335515
Elio - The Messenger,https://cdn.shopify.com/s/files/1/0731/4312/4251/files/product-5_bb7c5fd7-74d7-458c-948e-73ec3838f7f4_3024x.png?v=1686641618,"Rs. 7,999.00",https://kompanero.in/products/elio-the-messenger?variant=45158148276507
Sonnet - The Shoulder Bag,https://cdn.shopify.com/s/files/1/0731/4312/4251/files/1_3e16cdfb-0d0a-4325-a4cc-c4b0acda1062_3024x.jpg?v=1692710699,"Rs. 10,497.00",https://kompanero.in/products/sonnet-the-shoulder-bag?variant=45204951826715
Bella - The Handbag,https://cdn.shopify.com/s/files/1/0731/4312/4251/files/1_9fce1944-4e89-483e-8b91-b07bf3cfaf03_3024x.jpg?v=1692698444,"Rs. 11,199.00",https://kompanero.in/products/bella-the-handbag?variant=45158545490203
Bella - The Medium Handbag,https://cdn.shopify.com/s/files/1/0731/4312/4251/files/1_c0685e0a-8d54-4bc0-9515-c881d4a34929_3024x.jpg?v=1692699088,"Rs. 10,497.00",https://kompanero.in/products/bella-the-medium-handbag?variant=45158578290971
Sicily - The Sling Bag,https://cdn.shopify.com/s/files/1/0731/4312/4251/files/1_50fc0ec1-c8fe-4882-9a44-0cda2983ca46_3024x.jpg?v=1692620772,"Rs. 9,798.00",https://kompanero.in/products/sicily-the-sling-bag?variant=45204909130011
Sicily - The Handbag,https://cdn.shopify.com/s/files/1/0731/4312/4251/files/1_932826e7-6d18-4bc9-b67f-0a9336f67e6b_3024x.jpg?v=1692618192,"Rs. 12,597.00",https://kompanero.in/products/sicily-the-handbag?variant=45204907524379
Greta - The Shoulder Bag,https://cdn.shopify.com/s/files/1/0731/4312/4251/files/1_ef4f7939-2557-49b2-b403-5576d598ad79_3024x.jpg?v=1691828300,"Rs. 8,398.00",https://kompanero.in/products/greta-the-shoulder-bag?variant=45190947242267
Greta - The Hobo Bag,https://cdn.shopify.com/s/files/1/0731/4312/4251/files/1_026592a9-1c70-4eb1-8152-19f7ffc19448_3024x.jpg?v=1691830288,"Rs. 5,398.00",https://kompanero.in/products/greta-the-hobo-bag?variant=45190927515931
Scarlet - The Handbag,https://cdn.shopify.com/s/files/1/0731/4312/4251/files/1_25d5d723-2e1d-4b88-abc3-5ccb76b8db1f_3024x.jpg?v=1692702420,"Rs. 11,199.00",https://kompanero.in/products/scarlet-the-handbag?variant=45204865646875
Leo - The Multi Purpose Pouch,https://cdn.shopify.com/s/files/1/0731/4312/4251/files/1_431992b6-2427-408b-85f0-d5b24d989fbd_3024x.jpg?v=1690612003,"Rs. 4,798.00",https://kompanero.in/products/leo-the-multi-purpose-pouch?variant=45199003943195
Leo - The Backpack,https://cdn.shopify.com/s/files/1/0731/4312/4251/files/1_aeb21f26-a78c-4433-8c6e-7719f4c35683_3024x.jpg?v=1690612099,"Rs. 11,997.00",https://kompanero.in/products/leo-the-backpack?variant=45198987952411
Leo - The Messenger,https://cdn.shopify.com/s/files/1/0731/4312/4251/files/1_2375fa3d-7676-4b4e-bdce-f6242617a6e2_3024x.jpg?v=1690611899,"Rs. 8,097.00",https://kompanero.in/products/leo-the-messenger?variant=46587244544283
Leo - The Laptop Bag,https://cdn.shopify.com/s/files/1/0731/4312/4251/files/1_6579ef5f-2e3f-4a00-b56d-2ee435bd6170_3024x.jpg?v=1690612235,"Rs. 11,198.00",https://kompanero.in/products/leo-the-laptop-bag?variant=45198992507163
Leo - The Duffel Bag,https://cdn.shopify.com/s/files/1/0731/4312/4251/files/1_52f02de3-753c-4d16-b64b-2739c851618f_3024x.jpg?v=1690612697,"Rs. 15,199.00",https://kompanero.in/products/leo-the-duffel-bag?variant=45198990115099
Leo - The Portfolio,https://cdn.shopify.com/s/files/1/0731/4312/4251/files/1_f378521f-2a87-4a78-90e6-65298e76d3b7_3024x.jpg?v=1690612805,"Rs. 14,399.00",https://kompanero.in/products/leo-the-portfolio?variant=45199005384987
