Name,Image_link,Price
Mandala - The Sling,https://cdn.shopify.com/s/files/1/0731/4312/4251/files/G31A1945_3024x.jpg?v=1693390957,"Rs. 3,499.00"
Eadwald - The Laptop Bag,https://cdn.shopify.com/s/files/1/0731/4312/4251/files/1_a44e727d-b79d-4263-8de9-16649055107b_3024x.jpg?v=1692259178,"Rs. 3,999.00"
Nova - The Slingbag,https://cdn.shopify.com/s/files/1/0731/4312/4251/files/B-11920.K-ANVBLUE-1_3024x.jpg?v=1693646659,"Rs. 7,998.00"
Aaron - The Backpack,https://cdn.shopify.com/s/files/1/0731/4312/4251/files/B-12281.K-COGNAC-1_3024x.jpg?v=1693636963,"Rs. 15,999.00"
Athena - The Crossbody,https://cdn.shopify.com/s/files/1/0731/4312/4251/files/B-11827K-DENIM-1_3024x.jpg?v=1693510247,"Rs. 5,997.00"
Haida - The Sling,https://cdn.shopify.com/s/files/1/0731/4312/4251/files/G31A2023_3024x.jpg?v=1693633472,"Rs. 3,999.00"
Diana - The Slingbag,https://cdn.shopify.com/s/files/1/0731/4312/4251/files/1_c23698a0-7515-42e5-8282-59d08a40dd17_3024x.jpg?v=1693474763,"Rs. 5,997.00"
Flora - The Sling,https://cdn.shopify.com/s/files/1/0731/4312/4251/files/1_a615379d-bbbe-4a5c-a040-99900d8b6409_3024x.jpg?v=1693472851,"Rs. 4,498.00"
Garrison - The Laptop Bag,https://cdn.shopify.com/s/files/1/0731/4312/4251/files/1_eae56088-52f6-438a-9059-c5200cb8321f_3024x.jpg?v=1690607053,"Rs. 12,598.00"
Floret - The Shoulder Bag,https://cdn.shopify.com/s/files/1/0731/4312/4251/files/1_abdf4d3c-d897-4af5-ad98-c3c91a5b7117_3024x.jpg?v=1692616830,"Rs. 13,998.00"
Madame - The Sling,https://cdn.shopify.com/s/files/1/0731/4312/4251/files/1_3ab99110-c075-4a4b-a5b7-340da6232718_3024x.jpg?v=1692439571,"Rs. 4,999.00"
Lilly - The Handbag,https://cdn.shopify.com/s/files/1/0731/4312/4251/files/1_03973734-ed2a-4006-bd7a-44a6bb46533b_3024x.jpg?v=1692265088,"Rs. 5,999.00"
Gore - The Portfolio Bag,https://cdn.shopify.com/s/files/1/0731/4312/4251/files/1_7cae5983-f8c1-4469-ae54-5ceeb16abcc9_3024x.jpg?v=1692364867,"Rs. 8,998.00"
Asta - The Shoulder Handbag,https://cdn.shopify.com/s/files/1/0731/4312/4251/files/15_3024x.jpg?v=1687882691,"Rs. 7,998.00"
Aaron - The Messenger,https://cdn.shopify.com/s/files/1/0731/4312/4251/files/B-12282.K-SAGE-1_3024x.jpg?v=1693636539,"Rs. 7,998.00"
Jones - The Portfolio Bag,https://cdn.shopify.com/s/files/1/0731/4312/4251/files/B-5096-COGNAC_1_3024x.jpg?v=1693395433,"Rs. 8,098.00"
Elroy - The Portfolio,https://cdn.shopify.com/s/files/1/0731/4312/4251/files/B-10007-COGNAC_1_3024x.jpg?v=1693393037,"Rs. 9,599.00"
Marie - The Handbag,https://cdn.shopify.com/s/files/1/0731/4312/4251/files/SRP_8654copycopy_3024x.jpg?v=1693570744,"Rs. 6,598.00"
Rochelle - The Handbag,https://cdn.shopify.com/s/files/1/0731/4312/4251/files/1_d8114163-00d7-4697-b3b2-59068470e715_3024x.jpg?v=1693377952,"Rs. 9,999.00"
Enso - The Backpack,https://cdn.shopify.com/s/files/1/0731/4312/4251/files/1_59e768e3-aec2-4b04-a077-6e87b0e6a800_3024x.jpg?v=1693475124,"Rs. 8,397.00"
The Zoya Factor - Handbag,https://cdn.shopify.com/s/files/1/0731/4312/4251/files/1_c9ab1e36-a033-43c5-9ff5-4d5258bac89c_3024x.jpg?v=1693214725,"Rs. 16,998.00"
Hain - The Backpacker,https://cdn.shopify.com/s/files/1/0731/4312/4251/files/1_c3c494be-05b3-4bf4-bc60-236cd4175494_3024x.jpg?v=1693797379,"Rs. 9,499.00"
Nova - The Handbag,https://cdn.shopify.com/s/files/1/0731/4312/4251/files/B-11921.K-COGNAC-1_3024x.jpg?v=1693647040,"Rs. 12,999.00"
Nova - The Round Slingbag,https://cdn.shopify.com/s/files/1/0731/4312/4251/files/B-12885.K-SAGE-1_3024x.jpg?v=1693641040,"Rs. 8,997.00"
Aaron - The Portfolio,https://cdn.shopify.com/s/files/1/0731/4312/4251/files/B-12280.K-BLUE-1_3024x.jpg?v=1693639518,"Rs. 16,998.00"
Aaron - The Laptop Bag,https://cdn.shopify.com/s/files/1/0731/4312/4251/files/B-12279.K-BLACK-1_3024x.jpg?v=1693638985,"Rs. 13,998.00"
Athena - The Sling Bag,https://cdn.shopify.com/s/files/1/0731/4312/4251/files/B-11826K-BLACK-1_3024x.jpg?v=1693509897,"Rs. 6,999.00"
Athena - The Hobo Bag,https://cdn.shopify.com/s/files/1/0731/4312/4251/files/B-11825K-COGNAC-1_3024x.jpg?v=1693509199,"Rs. 9,999.00"
Ron - The Laptop Bag,https://cdn.shopify.com/s/files/1/0731/4312/4251/files/B-5660-TAN-STRAP-1_3024x.jpg?v=1693395801,"Rs. 3,999.00"
Belle - The Womens Wallet,https://cdn.shopify.com/s/files/1/0731/4312/4251/files/1_ce697b91-b674-478a-9b3d-2171591a2d0e_3024x.jpg?v=1693635719,"Rs. 5,499.00"
Lilly - The Travel Wallet,https://cdn.shopify.com/s/files/1/0731/4312/4251/files/145_3024x.jpg?v=1693635989,"Rs. 4,998.00"
Brielle - The Hobo Bag,https://cdn.shopify.com/s/files/1/0731/4312/4251/files/1_641775e4-29e6-4515-af5b-c13961dae32e_3024x.jpg?v=1693393438,"Rs. 10,198.00"
Patrice - The Messenger Bag,https://cdn.shopify.com/s/files/1/0731/4312/4251/files/B-10004-DARKBROWN_1_3024x.jpg?v=1693391629,"Rs. 4,559.00"
Pamla - The Wallet,https://cdn.shopify.com/s/files/1/0731/4312/4251/files/G31A1250_3024x.jpg?v=1693636624,"Rs. 2,719.00"
Cooper - The Messenger Bag,https://cdn.shopify.com/s/files/1/0731/4312/4251/files/B-10001-COG-BLUE_1_3024x.jpg?v=1693391236,"Rs. 4,798.00"
Mirage - The Corset Belt,https://cdn.shopify.com/s/files/1/0731/4312/4251/files/K-0271-RED-5_3024x.jpg?v=1693390444,"Rs. 2,759.00"
Zara - The Wallet,https://cdn.shopify.com/s/files/1/0731/4312/4251/files/G31A3928_3024x.jpg?v=1693636716,"Rs. 2,799.00"
Abeba - The Corset Belt,https://cdn.shopify.com/s/files/1/0731/4312/4251/files/K-0236-BROWN-4_3024x.jpg?v=1693390052,"Rs. 2,219.00"
Godelif - The Wallet,https://cdn.shopify.com/s/files/1/0731/4312/4251/files/StudioSession-8189copycopy_3024x.jpg?v=1693637396,"Rs. 2,719.00"
Pietro - The Backpack,https://cdn.shopify.com/s/files/1/0731/4312/4251/files/1_029f93f3-6e4c-4236-9201-ad48d91fdef7_3024x.jpg?v=1693548930,"Rs. 8,398.00"
Zen - The Portfolio,https://cdn.shopify.com/s/files/1/0731/4312/4251/files/SRP_8710copycopy_3024x.jpg?v=1693553644,"Rs. 19,998.00"
Aurora - The Crossbody,https://cdn.shopify.com/s/files/1/0731/4312/4251/files/SRP_5471copycopy_3024x.jpg?v=1693572134,"Rs. 7,998.00"
Roadster - The Backpack,https://cdn.shopify.com/s/files/1/0731/4312/4251/files/SRP_5675copycopy_3024x.jpg?v=1693553418,"Rs. 7,799.00"
Hormat - The Sling,https://cdn.shopify.com/s/files/1/0731/4312/4251/files/G31A0503_3024x.jpg?v=1693633721,"Rs. 8,997.00"
Mya - The Handbag,https://cdn.shopify.com/s/files/1/0731/4312/4251/files/B-7581-STONE-GREY-1_3024x.jpg?v=1693571164,"Rs. 6,999.00"
Autumn - The Handbag,https://cdn.shopify.com/s/files/1/0731/4312/4251/files/B-7577_14_3024x.jpg?v=1693571792,"Rs. 9,999.00"
Katie - The Flat,https://cdn.shopify.com/s/files/1/0731/4312/4251/files/F-OC0001-MULTI-1_3024x.jpg?v=1693333840,"Rs. 3,998.00"
Penelope - The Wedge,https://cdn.shopify.com/s/files/1/0731/4312/4251/files/F-OC0002-BEIGE-1_3024x.jpg?v=1693333169,"Rs. 4,797.00"
Phoebe - The Block Heel,https://cdn.shopify.com/s/files/1/0731/4312/4251/files/F-OC0003-BROWN-1_3024x.jpg?v=1693332935,"Rs. 4,399.00"
Macrame - The Sling Bag,https://cdn.shopify.com/s/files/1/0731/4312/4251/files/1_18faa411-6352-42fd-8222-1a31d7d37f32_3024x.jpg?v=1693332449,"Rs. 12,498.00"
Macrame - The Handbag,https://cdn.shopify.com/s/files/1/0731/4312/4251/files/1_bf283b92-5a60-4c4a-bf23-e56d6c18558e_3024x.jpg?v=1693332272,"Rs. 10,998.00"
Macrame - The Medium Sling Bag,https://cdn.shopify.com/s/files/1/0731/4312/4251/files/1_76d1465e-010b-4685-b95a-e1f081a39b1b_3024x.jpg?v=1693326367,"Rs. 9,999.00"
Macrame - The Small Sling Bag,https://cdn.shopify.com/s/files/1/0731/4312/4251/files/1_19ca8a43-3117-452c-a059-6a0469a0fdf4_3024x.jpg?v=1693632457,"Rs. 3,999.00"
Macrame - The Crossbody,https://cdn.shopify.com/s/files/1/0731/4312/4251/files/1_dbb06fee-85d7-4921-967f-500fa3320937_3024x.jpg?v=1693632497,"Rs. 9,498.00"
Macrame - The Round Handbag,https://cdn.shopify.com/s/files/1/0731/4312/4251/files/1_e6c89c31-8562-431c-8daf-0876cbcf9e4f_3024x.jpg?v=1693324183,"Rs. 10,497.00"
Diana - The Backpack,https://cdn.shopify.com/s/files/1/0731/4312/4251/files/1_6ac7f71c-1ea5-4b6a-8bde-189190b0140f_3024x.jpg?v=1693473970,"Rs. 11,997.00"
Rochelle - The Slingbag,https://cdn.shopify.com/s/files/1/0731/4312/4251/files/1_cd17e5e5-903f-43e0-863a-71583275c71c_3024x.jpg?v=1693044735,"Rs. 6,999.00"
Rochelle - The Crossbody,https://cdn.shopify.com/s/files/1/0731/4312/4251/files/1_27a59000-986e-44a5-a191-f1f87b5a6356_3024x.jpg?v=1693045014,"Rs. 8,997.00"
Alexander - The Backpack,https://cdn.shopify.com/s/files/1/0731/4312/4251/files/01_3024x.jpg?v=1693044872,"Rs. 23,997.00"
Alexander - The Laptop Bag,https://cdn.shopify.com/s/files/1/0731/4312/4251/files/1_d4213225-5fdc-4bb4-ab59-01b95806650c_3024x.jpg?v=1693044911,"Rs. 20,997.00"
Alexander - The Portfolio,https://cdn.shopify.com/s/files/1/0731/4312/4251/files/1_fbeac390-983d-4e4a-9e24-3c1e1ddffc93_3024x.jpg?v=1693044837,"Rs. 23,997.00"
Lettice - The Sling,https://cdn.shopify.com/s/files/1/0731/4312/4251/files/1_c085d141-2e2e-41dc-82b8-d378c95c690e_3024x.jpg?v=1693473558,"Rs. 3,199.00"
Eero - The Wallet,https://cdn.shopify.com/s/files/1/0731/4312/4251/files/1_7d580f4a-772f-4b4e-a681-7079f56bc270_3024x.jpg?v=1693474656,"Rs. 1,498.00"
Callie - The Wallet,https://cdn.shopify.com/s/files/1/0731/4312/4251/files/1_74e36fbc-482f-488c-bbb6-302bc4366065_3024x.jpg?v=1693474547,"Rs. 1,798.00"
Onda - The sling,https://cdn.shopify.com/s/files/1/0731/4312/4251/files/1_04c08076-9874-48d6-9bf6-f8c78f021e2d_3024x.jpg?v=1693473833,"Rs. 4,798.00"
Kaleido - The Medium Crossbody Bag,https://cdn.shopify.com/s/files/1/0731/4312/4251/files/1_1752b25b-c92d-49f8-bc0e-9c545d190bcc_3024x.jpg?v=1693473926,"Rs. 7,998.00"
Ava - The Wallet,https://cdn.shopify.com/s/files/1/0731/4312/4251/files/StudioSession-8324copycopy_3024x.jpg?v=1693797959,"Rs. 4,398.00"
Ora - The Handbag,https://cdn.shopify.com/s/files/1/0731/4312/4251/files/G31A4974_3024x.jpg?v=1693798232,"Rs. 14,598.00"
Brielle - The Sling,https://cdn.shopify.com/s/files/1/0731/4312/4251/files/1_7c55a74f-7f47-4a5e-a373-558bb9724385_3024x.jpg?v=1693473870,"Rs. 5,997.00"
Lacey - The Satchel,https://cdn.shopify.com/s/files/1/0731/4312/4251/files/1_8c9482f4-3e03-4788-9801-032dc21fe8dd_3024x.jpg?v=1693473792,"Rs. 11,997.00"
Zasha - The Belt,https://cdn.shopify.com/s/files/1/0731/4312/4251/files/1_3674457d-108c-4615-be73-c0ac0919d168_3024x.jpg?v=1693475432,"Rs. 2,719.00"
Marisha - The Belt,https://cdn.shopify.com/s/files/1/0731/4312/4251/files/2_2a3899e1-5a99-4422-8091-26dffaac8a0d_3024x.jpg?v=1693475493,"Rs. 1,598.00"
Camila - The Belt,https://cdn.shopify.com/s/files/1/0731/4312/4251/files/2_39669a07-1a87-4291-8e5d-6515e70beee1_3024x.jpg?v=1693475582,"Rs. 1,139.00"
Ruby - The Handbag,https://cdn.shopify.com/s/files/1/0731/4312/4251/files/G31A0434_3024x.jpg?v=1693570263,"Rs. 9,999.00"
Melissa - The Sling Bag,https://cdn.shopify.com/s/files/1/0731/4312/4251/files/1_7130642d-4a53-42c9-8fa3-dbcbc7c0c629_3024x.jpg?v=1693472614,"Rs. 3,999.00"
Eilaria - The Handbag,https://cdn.shopify.com/s/files/1/0731/4312/4251/files/1_9a9dbe4b-be30-4437-a854-794da7f57c0e_3024x.jpg?v=1693465023,"Rs. 8,299.00"
Alisha - The Handbag,https://cdn.shopify.com/s/files/1/0731/4312/4251/files/1_0aa54b26-4cc2-43bf-be18-2e6cd13fa915_3024x.jpg?v=1693473735,"Rs. 9,999.00"
Rover - The laptop backpack,https://cdn.shopify.com/s/files/1/0731/4312/4251/files/1_4ed3621c-6b28-4b57-8deb-15a53f577d05_3024x.jpg?v=1693465659,"Rs. 9,599.00"
Vipasa - The Crossbody,https://cdn.shopify.com/s/files/1/0731/4312/4251/files/1_8e9196ec-d11e-4652-80d2-96ac4343e831_3024x.jpg?v=1693465597,"Rs. 5,999.00"
Cealfa - The Handbag,https://cdn.shopify.com/s/files/1/0731/4312/4251/files/1_19b22d2c-8120-4856-ad09-3480d55dc861_3024x.jpg?v=1693463403,"Rs. 10,998.00"
Amelia - The Handbag,https://cdn.shopify.com/s/files/1/0731/4312/4251/files/0184_3024x.jpg?v=1693570423,"Rs. 13,998.00"
Brette - The Crossbody,https://cdn.shopify.com/s/files/1/0731/4312/4251/files/1_beaa8a6f-14a5-415e-8eb5-d1abc273a800_3024x.jpg?v=1693465323,"Rs. 5,997.00"
Onda - The Sling Bag,https://cdn.shopify.com/s/files/1/0731/4312/4251/files/1_b978eb64-fa66-44a8-9ff5-9fb9d9588102_3024x.jpg?v=1693464574,"Rs. 4,199.00"
Kizie - The Sling,https://cdn.shopify.com/s/files/1/0731/4312/4251/files/1_b5dafd6f-07f0-44ef-83c6-f83661c8d48a_3024x.jpg?v=1693464849,"Rs. 3,598.00"
Isabella - The Sling Bag,https://cdn.shopify.com/s/files/1/0731/4312/4251/files/4_b31afecd-aa5a-4c62-a893-77e922d37f6d_3024x.jpg?v=1693462601,"Rs. 5,499.00"
Dazi - The Sling,https://cdn.shopify.com/s/files/1/0731/4312/4251/files/1_0ecd972a-3ccb-4b0c-ad86-b313e900766d_3024x.jpg?v=1693464382,"Rs. 4,699.00"
Cochella - The Sling,https://cdn.shopify.com/s/files/1/0731/4312/4251/files/1_6ea2b842-f48f-4b68-b65c-7f02a8348630_3024x.jpg?v=1693465126,"Rs. 6,999.00"
Aurora - The Sling Bag,https://cdn.shopify.com/s/files/1/0731/4312/4251/files/2_9cc16234-b721-4717-aeeb-4027fd27fd86_3024x.jpg?v=1693465487,"Rs. 2,998.00"
William - The Portfolio Bag,https://cdn.shopify.com/s/files/1/0731/4312/4251/files/1_722b41cb-2abc-438e-9abf-ed7b5a563652_3024x.jpg?v=1693464732,"Rs. 14,997.00"
Marco - The Portfolio,https://cdn.shopify.com/s/files/1/0731/4312/4251/files/1_736ca5d4-138a-42e1-96fe-b38d3d5f9be9_3024x.jpg?v=1693463181,"Rs. 15,298.00"
Dorian - The Portfolio,https://cdn.shopify.com/s/files/1/0731/4312/4251/files/2_0fe76b40-6b04-4796-8691-233b47335b08_3024x.jpg?v=1693464261,"Rs. 10,798.00"
Rover - The wallet,https://cdn.shopify.com/s/files/1/0731/4312/4251/files/1_4e0c16f9-d439-4c66-b657-b4c4a36829f6_3024x.jpg?v=1693378942,"Rs. 2,959.00"
Jade - The Wallet,https://cdn.shopify.com/s/files/1/0731/4312/4251/files/1_f2c104fa-b7ef-4684-9fa7-d3cf04b7ded0_3024x.jpg?v=1693222824,"Rs. 2,798.00"
Araminta - The Wallet,https://cdn.shopify.com/s/files/1/0731/4312/4251/files/1_98539ae8-5453-458b-842f-6d4e2ae25c51_3024x.jpg?v=1693289161,"Rs. 3,699.00"
Aleena - The Wallet,https://cdn.shopify.com/s/files/1/0731/4312/4251/files/1_5e4a74ac-f327-4e4d-a091-fc1e978780d6_3024x.jpg?v=1693287538,"Rs. 2,997.00"
Etsy - The Handbag,https://cdn.shopify.com/s/files/1/0731/4312/4251/files/1_07e15a96-9376-494f-ad22-2f217451b7e0_3024x.jpg?v=1693216069,"Rs. 12,498.00"
Lilly - The Backpack,https://cdn.shopify.com/s/files/1/0731/4312/4251/files/1_81e12e65-abe4-4b89-a533-be2e1ae6c1ce_3024x.jpg?v=1693221831,"Rs. 9,999.00"
Aimee - The Shoulder Bag,https://cdn.shopify.com/s/files/1/0731/4312/4251/files/1_f91dddf0-e542-4414-bf05-295fa42001b2_3024x.jpg?v=1693220776,"Rs. 7,198.00"
Astratto - The Sling,https://cdn.shopify.com/s/files/1/0731/4312/4251/files/1_3375c2ab-1a2e-43a9-a43d-597cced856e1_3024x.jpg?v=1693215243,"Rs. 4,199.00"
Harmonia - The Medium Sling Bag,https://cdn.shopify.com/s/files/1/0731/4312/4251/files/3_071a1918-f6c2-4733-bdf8-5e01e151958c_3024x.jpg?v=1691834107,"Rs. 4,197.00"
Kaleido - The Wallet,https://cdn.shopify.com/s/files/1/0731/4312/4251/files/1_c12d34bd-993e-40df-ba4a-6befc51089e1_3024x.jpg?v=1693030943,"Rs. 2,397.00"
Amy - The Satchel,https://cdn.shopify.com/s/files/1/0731/4312/4251/files/2_f4e9188a-260c-4df0-8ce4-697a90ffd8c7_3024x.jpg?v=1692366681,"Rs. 6,999.00"
Sonnet - The Sling Bag,https://cdn.shopify.com/s/files/1/0731/4312/4251/files/1_fa305bdb-878a-445e-a7b3-90e63e67cc5b_3024x.jpg?v=1692710055,"Rs. 6,999.00"
Rattan - The Sling,https://cdn.shopify.com/s/files/1/0731/4312/4251/files/1_104a4bc6-b1b6-4fca-acb2-15a49c13333d_3024x.jpg?v=1692345456,"Rs. 4,498.00"
Penelope - The Sling,https://cdn.shopify.com/s/files/1/0731/4312/4251/files/1_1864edd6-ce41-49dd-be9b-cdaa1a1e51fb_3024x.jpg?v=1692277862,"Rs. 6,999.00"
Madame - The Crossbody,https://cdn.shopify.com/s/files/1/0731/4312/4251/files/1_55c15b60-35ea-4e0c-9f85-de150cfdf74b_3024x.jpg?v=1692440055,"Rs. 9,498.00"
Lilly - The Sling Bag,https://cdn.shopify.com/s/files/1/0731/4312/4251/files/1_9c998815-0e6c-4949-a124-53f98a051355_3024x.jpg?v=1692264997,"Rs. 7,998.00"
Lexi - The Handbag,https://cdn.shopify.com/s/files/1/0731/4312/4251/files/1_082d0e7d-22fa-4b24-8c9e-2540f093249d_3024x.jpg?v=1692258659,"Rs. 4,249.00"
Neo - The Portfolio,https://cdn.shopify.com/s/files/1/0731/4312/4251/files/G31A5581_3024x.jpg?v=1693553796,"Rs. 13,598.00"
Rover - The clutch,https://cdn.shopify.com/s/files/1/0731/4312/4251/files/1_0e3f5911-7f2a-4220-a8f1-573f52262a74_3024x.jpg?v=1693031560,"Rs. 3,199.00"
Riga - The Wallet,https://cdn.shopify.com/s/files/1/0731/4312/4251/files/1_45032e44-bd34-4180-843c-7bdb37d64266_3024x.jpg?v=1692948454,"Rs. 2,397.00"
Freya - The Wallet,https://cdn.shopify.com/s/files/1/0731/4312/4251/files/1_c2f9f3f8-36b7-428c-b939-2058574e8200_3024x.jpg?v=1692949187,"Rs. 3,999.00"
Isla - The Wallet,https://cdn.shopify.com/s/files/1/0731/4312/4251/files/1_8c1af8e6-8814-4b27-97d4-3868910707e5_3024x.jpg?v=1692949365,"Rs. 3,498.00"
Esme - The Wallet,https://cdn.shopify.com/s/files/1/0731/4312/4251/files/1_d783bd8f-5007-471a-b9bc-33f6c5fcdbd8_3024x.jpg?v=1692879253,"Rs. 2,719.00"
Theo - The Multi Color Printed Laptop Sleeve,https://cdn.shopify.com/s/files/1/0731/4312/4251/files/1_8556d4e9-463b-46a4-8856-35e8c749749a_3024x.jpg?v=1691827837,"Rs. 8,798.00"
Theo - The Laptop Sleeve,https://cdn.shopify.com/s/files/1/0731/4312/4251/files/2_27f4c036-6589-4eb8-8fff-4f925b856631_3024x.jpg?v=1692358575,"Rs. 7,999.00"
Elio - The Laptop Bag,https://cdn.shopify.com/s/files/1/0731/4312/4251/files/1_b7f7fe8b-c31b-4219-b629-a2d57c0c6095_3024x.jpg?v=1692265638,"Rs. 12,999.00"
Felicity - The Travel Wallet,https://cdn.shopify.com/s/files/1/0731/4312/4251/files/1_2b4b1df4-40cb-414f-a6e7-f77f45d278fe_3024x.jpg?v=1692797632,"Rs. 3,679.00"
Beatrix - The Women's Wallet,https://cdn.shopify.com/s/files/1/0731/4312/4251/files/1_b16172a0-0102-4c74-a0e0-87805ed8ff70_3024x.jpg?v=1692782991,"Rs. 3,597.00"
Vasiliki - The Belt,https://cdn.shopify.com/s/files/1/0731/4312/4251/files/1_d75a115a-c659-40dd-9d63-c0f24271814f_3024x.jpg?v=1691565366,"Rs. 1,599.00"
Valeria - The Belt,https://cdn.shopify.com/s/files/1/0731/4312/4251/files/2_85132fa0-52b6-4a0e-9e4d-a0e1a4e1a105_3024x.jpg?v=1693209695,"Rs. 1,519.00"
Michalis - The Belt,https://cdn.shopify.com/s/files/1/0731/4312/4251/files/1_730bf5ea-e070-403a-afea-385f26705cc5_3024x.jpg?v=1691563774,Rs. 898.00
Kaleido - The Handbag,https://cdn.shopify.com/s/files/1/0731/4312/4251/files/1_26264b5a-b513-462e-bbfb-8c3b04383d81_3024x.jpg?v=1691739226,"Rs. 13,998.00"
Rex - The Backpack,https://cdn.shopify.com/s/files/1/0731/4312/4251/files/1_09a083b3-31c5-44f9-804b-499493864e99_3024x.jpg?v=1692260270,"Rs. 12,999.00"
Alessia - The Backpack,https://cdn.shopify.com/s/files/1/0731/4312/4251/files/1_5eaad87f-ae7d-4c38-b425-b865a8613581_3024x.jpg?v=1693894569,"Rs. 4,999.00"
Rover - The medium shoulder bag,https://cdn.shopify.com/s/files/1/0731/4312/4251/files/1_744294da-3200-4d9f-a183-44e54c75045b_3024x.jpg?v=1691738834,"Rs. 9,999.00"
Erica - The Medium Sling Bag,https://cdn.shopify.com/s/files/1/0731/4312/4251/files/1_169df7fc-7127-4ec0-b829-546994c00654_3024x.jpg?v=1692435295,Rs. 0.00
Marcus - The Portfolio,https://cdn.shopify.com/s/files/1/0731/4312/4251/files/1_844b0237-c2d8-430e-8845-13b5bd747605_3024x.jpg?v=1692254523,"Rs. 19,998.00"
Scarlet - The Shopper Bag,https://cdn.shopify.com/s/files/1/0731/4312/4251/files/1_6fcaba4b-17e5-41a6-a480-70cc05262aea_3024x.jpg?v=1692701481,"Rs. 16,998.00"
Linnea - The Shoulder Bag,https://cdn.shopify.com/s/files/1/0731/4312/4251/files/1_4c29eee6-cf50-4390-8a7a-d6e5140078c6_3024x.jpg?v=1692346935,"Rs. 5,398.00"
Helena - The Handbag,https://cdn.shopify.com/s/files/1/0731/4312/4251/files/1_7dd72817-40fc-4880-9cc8-02c507428811_3024x.jpg?v=1692626987,"Rs. 9,798.00"
Greta - The Handbag,https://cdn.shopify.com/s/files/1/0731/4312/4251/files/1_b9cba29d-5632-4a4e-bf8a-50e30162c6dc_3024x.jpg?v=1691827962,"Rs. 12,999.00"
Forest - The Sling,https://cdn.shopify.com/s/files/1/0731/4312/4251/files/1_9a314636-ec7c-4b19-b53d-40953c3ab1fc_3024x.jpg?v=1692261830,"Rs. 5,997.00"
Fiore - The Hobo Bag,https://cdn.shopify.com/s/files/1/0731/4312/4251/files/1_f8436015-f905-4cc8-9b37-e28ddf646118_3024x.jpg?v=1691996121,"Rs. 15,999.00"
Cooper - The Shoulder Bag,https://cdn.shopify.com/s/files/1/0731/4312/4251/files/1_c431c00c-0411-450d-89ec-478b90daf70e_3024x.jpg?v=1691737470,"Rs. 7,799.00"
Brielle - The Shoulder Bag,https://cdn.shopify.com/s/files/1/0731/4312/4251/files/1_dd50d4a3-73ff-4854-86dd-a2cea3fd0264_3024x.jpg?v=1691738229,"Rs. 8,398.00"
Zen - The Backpack,https://cdn.shopify.com/s/files/1/0731/4312/4251/files/1_b89b7807-c644-4620-b77b-801a00c968a3_3024x.jpg?v=1692608830,"Rs. 8,998.00"
Rover - The small backpack,https://cdn.shopify.com/s/files/1/0731/4312/4251/files/1_26aa7187-a7c4-4b50-82d1-b2b3394524f2_3024x.jpg?v=1692265212,"Rs. 5,999.00"
Vipasa - The Sling,https://cdn.shopify.com/s/files/1/0731/4312/4251/files/1_c053612c-0a66-4efc-ab6a-db01cc4ac2ce_3024x.jpg?v=1692609742,"Rs. 4,798.00"
Sorrento - The Clutch Bag,https://cdn.shopify.com/s/files/1/0731/4312/4251/files/1_6da33c56-456c-4d92-b010-e1156b77a4b1_3024x.jpg?v=1692269486,"Rs. 6,999.00"
Austin - The Backpacker,https://cdn.shopify.com/s/files/1/0731/4312/4251/files/1_bdaea439-6ff8-4e88-9633-dfc05be2944e_3024x.jpg?v=1692277823,"Rs. 9,599.00"
Luka - The Backpack,https://cdn.shopify.com/s/files/1/0731/4312/4251/files/1_32c1b849-c8a0-40a2-85a0-d27ddf056e0b_3024x.jpg?v=1692363390,"Rs. 13,998.00"
Aimee - The Handbag,https://cdn.shopify.com/s/files/1/0731/4312/4251/files/1_e49bf245-cf5b-4dee-a3d8-b402f1aff659_3024x.jpg?v=1692617766,"Rs. 5,999.00"
Bluebell- The Handbag,https://cdn.shopify.com/s/files/1/0731/4312/4251/files/2_7572970c-f5a4-4cc4-97d6-d656a1e54aff_3024x.jpg?v=1692365287,"Rs. 5,299.00"
Brielle - The Tote,https://cdn.shopify.com/s/files/1/0731/4312/4251/files/1_981d3f0f-ce00-4e2a-a170-1b1777fe6dc4_3024x.jpg?v=1691737659,"Rs. 9,599.00"
Gardenia - The Medium Handbag,https://cdn.shopify.com/s/files/1/0731/4312/4251/files/1_750c167a-2042-4be3-8f7a-8d9edb12e98a_3024x.jpg?v=1692704179,"Rs. 9,099.00"
Harmonia - The Shoulder Bag,https://cdn.shopify.com/s/files/1/0731/4312/4251/files/1_a052c91d-24ad-4226-bd7f-f50a6881db67_3024x.jpg?v=1691833476,"Rs. 11,898.00"
Annika - The Belt,https://cdn.shopify.com/s/files/1/0731/4312/4251/files/1_d9d28664-200d-4213-8861-c355f75328be_3024x.jpg?v=1691565651,"Rs. 1,999.00"
Iris - The Sling Bag,https://cdn.shopify.com/s/files/1/0731/4312/4251/files/1_43165d58-19ed-419f-a37c-a189624a30ca_3024x.jpg?v=1692607634,"Rs. 8,499.00"
Herringbone - The Sling Bag,https://cdn.shopify.com/s/files/1/0731/4312/4251/files/1_9af7782f-881f-450d-88c7-3e41f72e9469_3024x.jpg?v=1692429460,"Rs. 10,599.00"
Fiona - The Sling,https://cdn.shopify.com/s/files/1/0731/4312/4251/files/1_df654a18-24b6-4452-8e66-31b232615b4a_3024x.jpg?v=1692365094,"Rs. 5,997.00"
Ailleda - The Sling,https://cdn.shopify.com/s/files/1/0731/4312/4251/files/2_bdb58472-3599-4f42-8d94-5e529dd9d09d_3024x.jpg?v=1692343183,"Rs. 6,899.00"
Aiden - The Crossbody,https://cdn.shopify.com/s/files/1/0731/4312/4251/files/1_faaa5eaa-8245-4b5a-b08b-183dd1a0f3df_3024x.jpg?v=1692260515,"Rs. 8,997.00"
Roadster - The Portfolio Bag,https://cdn.shopify.com/s/files/1/0731/4312/4251/files/1_2f009cbc-6e70-4893-8ad4-c91b09c681c3_3024x.jpg?v=1692347815,"Rs. 14,997.00"
Provogue - The Laptop Bag,https://cdn.shopify.com/s/files/1/0731/4312/4251/files/1_36169678-a753-4fcd-acac-674db4810a4b_3024x.jpg?v=1692601775,"Rs. 11,399.00"
Luka - The Portfolio,https://cdn.shopify.com/s/files/1/0731/4312/4251/files/1_a9705b4e-8448-4b55-a3f4-673b313fff4d_3024x.jpg?v=1692608203,"Rs. 10,798.00"
Tesha - The Wallet,https://cdn.shopify.com/s/files/1/0731/4312/4251/files/1_0434ec25-d59f-487a-b9d6-8666c1ba557b_3024x.jpg?v=1692948327,"Rs. 3,518.00"
Maya - The Wallet,https://cdn.shopify.com/s/files/1/0731/4312/4251/files/1_d3c4a71e-cc76-4c19-9577-041167c27d90_3024x.jpg?v=1692947911,"Rs. 2,959.00"
Harmonia - The Women's Wallet,https://cdn.shopify.com/s/files/1/0731/4312/4251/products/1_bf2c722d-e1a5-4fe5-aecb-30ccc9ae0c27_3024x.jpg?v=1693035106,"Rs. 3,679.00"
Harmonia - The Wallet,https://cdn.shopify.com/s/files/1/0731/4312/4251/files/1_b8a1d882-931c-45b8-a0fe-ef30f8611cc3_3024x.jpg?v=1693035333,"Rs. 3,998.00"
Cecilia - The Wallet,https://cdn.shopify.com/s/files/1/0731/4312/4251/files/1_e9fbf5f6-43f4-4535-b704-e021c02375f4_3024x.jpg?v=1693044443,"Rs. 2,959.00"
Archer - The Wallet,https://cdn.shopify.com/s/files/1/0731/4312/4251/files/2_de11d3fa-92a3-4504-89a9-5e7779af6c52_3024x.jpg?v=1692796987,"Rs. 3,399.00"
Aalis - The Wallet,https://cdn.shopify.com/s/files/1/0731/4312/4251/files/1_3e7a8db8-ba28-4701-9ac6-b77ec1bcf820_3024x.jpg?v=1691562585,"Rs. 2,959.00"
Aase - The Wallet,https://cdn.shopify.com/s/files/1/0731/4312/4251/files/1_50e86661-9675-4194-8e15-0253d914d6d0_3024x.jpg?v=1691562360,"Rs. 2,239.00"
Betty -The Wallet,https://cdn.shopify.com/s/files/1/0731/4312/4251/files/1_f4024ef6-6cdd-4fbb-8f9c-cdbe2476a76c_3024x.jpg?v=1692783720,"Rs. 3,199.00"
Doria - The Wallet,https://cdn.shopify.com/s/files/1/0731/4312/4251/files/1_417629ba-4e12-49f3-b5f6-ccddd0056988_3024x.jpg?v=1693039337,"Rs. 2,799.00"
Marie - The Wallet,https://cdn.shopify.com/s/files/1/0731/4312/4251/files/1_5b7c7f73-7585-4728-acda-1b3e92e5ea98_3024x.jpg?v=1692784112,"Rs. 2,959.00"
Abeba - The Sling Bag,https://cdn.shopify.com/s/files/1/0731/4312/4251/files/1_0f748124-a64d-4c00-a3d5-f0af973f4893_3024x.jpg?v=1690610093,"Rs. 9,999.00"
Garrison - The Backpack,https://cdn.shopify.com/s/files/1/0731/4312/4251/files/1_df6d2672-dcb8-4d7d-a8ad-3e86cdaf236e_3024x.jpg?v=1690607809,"Rs. 14,399.00"
Harry - The Backpacker,https://cdn.shopify.com/s/files/1/0731/4312/4251/files/1_12ed0cd5-1daa-49d2-bf55-b5906a573cd0_3024x.jpg?v=1692278211,"Rs. 7,799.00"
Brielle - The Hobo Bag,https://cdn.shopify.com/s/files/1/0731/4312/4251/files/1_5e7fcab0-8338-4701-a4f3-47826d291098_3024x.jpg?v=1691738594,"Rs. 16,998.00"
Crystiana - The Hand Bag,https://cdn.shopify.com/s/files/1/0731/4312/4251/files/1_67364c65-f97e-485b-9067-d22e0208a63c_3024x.jpg?v=1692342736,"Rs. 13,998.00"
Ellie - The Handbag,https://cdn.shopify.com/s/files/1/0731/4312/4251/files/1_e45896d1-d30c-40f9-87b6-9f873634fcc6_3024x.jpg?v=1692253472,"Rs. 6,999.00"
Evie - The Handbag,https://cdn.shopify.com/s/files/1/0731/4312/4251/files/2_bf2e6b86-817c-417c-8628-5a939ce7cbce_3024x.jpg?v=1692366582,"Rs. 5,999.00"
Lara - The Handbag,https://cdn.shopify.com/s/files/1/0731/4312/4251/files/1_29551705-73f4-4f30-ace2-39dd55a7ae7f_3024x.jpg?v=1692628752,"Rs. 11,199.00"
Doreen - The Belt,https://cdn.shopify.com/s/files/1/0731/4312/4251/files/1_dad3dd02-434e-4bf5-892a-c3c91ff283cf_3024x.jpg?v=1691564759,Rs. 898.00
Elena - The Wallet,https://cdn.shopify.com/s/files/1/0731/4312/4251/files/1_eea18ea5-7f69-455e-aaa0-adf71c225874_3024x.jpg?v=1693043256,"Rs. 2,078.00"
Alexis - The Wallet,https://cdn.shopify.com/s/files/1/0731/4312/4251/files/1_cd62b8e9-4122-4b14-a9f9-5ed99cc9b5d9_3024x.jpg?v=1692947480,"Rs. 3,679.00"
Esen - The Belt,https://cdn.shopify.com/s/files/1/0731/4312/4251/products/1_3024x.jpg?v=1691564266,Rs. 838.00
Ternet - The Backpack,https://cdn.shopify.com/s/files/1/0731/4312/4251/files/1_0619b908-2e03-4028-af13-41d2e4f933ce_3024x.jpg?v=1692265155,"Rs. 10,798.00"
Patrice - The Backpack,https://cdn.shopify.com/s/files/1/0731/4312/4251/files/1_2255ceba-23b5-4619-9b3c-d5e2af1246b4_3024x.jpg?v=1692428693,"Rs. 9,599.00"
Albert - The Backpacker,https://cdn.shopify.com/s/files/1/0731/4312/4251/files/1_3e7cee3f-5b39-4949-a21e-4185f4ffc710_3024x.jpg?v=1690455784,"Rs. 8,699.00"
Denis - The Portfolio Bag,https://cdn.shopify.com/s/files/1/0731/4312/4251/files/1_eecd6987-5e7f-4c40-937c-c126c4242596_3024x.jpg?v=1692340941,"Rs. 11,699.00"
Women's Leather Jacket,https://cdn.shopify.com/s/files/1/0731/4312/4251/files/1_72c115eb-e879-4b2f-a1ef-d3e56147f376_3024x.jpg?v=1687332601,"Rs. 7,799.00"
Women's Black Leather Jacket,https://cdn.shopify.com/s/files/1/0731/4312/4251/files/1_89858faa-1f3a-499e-aba8-a4461e862d71_3024x.jpg?v=1687333825,"Rs. 8,998.00"
Davia - The Trench Coat,https://cdn.shopify.com/s/files/1/0731/4312/4251/files/1_a8f754f1-4097-4541-bc55-7aa248d993c2_3024x.jpg?v=1687334034,"Rs. 12,799.00"
Annalise - The Womens Jacket,https://cdn.shopify.com/s/files/1/0731/4312/4251/files/1_be5ed7fd-5df3-461c-af12-b1c000130de0_3024x.jpg?v=1687334735,"Rs. 11,198.00"
Capria - The Womens Jacket,https://cdn.shopify.com/s/files/1/0731/4312/4251/files/1_1adb1644-89b3-43da-9f6f-63fef285db80_3024x.jpg?v=1687334860,"Rs. 8,998.00"
Aliana - The Womens Jacket,https://cdn.shopify.com/s/files/1/0731/4312/4251/files/1_77253b3c-3c16-4566-947b-fe0340efaf18_3024x.jpg?v=1687333968,"Rs. 7,799.00"
Life - The Womens Blazer,https://cdn.shopify.com/s/files/1/0731/4312/4251/files/1_01c46e3e-6bb0-4dab-9b1f-90ae5506aef2_3024x.jpg?v=1687334628,"Rs. 8,998.00"
Orla - The Wallet,https://cdn.shopify.com/s/files/1/0731/4312/4251/files/1_bb2c01f5-1a75-497a-83db-6cd742d97015_3024x.jpg?v=1693027721,"Rs. 2,719.00"
Levi - The Ladies Wallet,https://cdn.shopify.com/s/files/1/0731/4312/4251/files/1_119c6fe9-fc2f-4cb5-83e6-69727e8ca700_3024x.jpg?v=1692689758,"Rs. 2,799.00"
Bryony - The Wallet,https://cdn.shopify.com/s/files/1/0731/4312/4251/files/1_e7304429-0f3e-459f-b3bf-b455c0414c24_3024x.jpg?v=1692783927,"Rs. 2,719.00"
Amelie - The Wallet,https://cdn.shopify.com/s/files/1/0731/4312/4251/files/4_46003091-7092-424a-ab05-f957f46662c8_3024x.jpg?v=1693044566,"Rs. 2,397.00"
Erica - The Handbag,https://cdn.shopify.com/s/files/1/0731/4312/4251/files/1_9c0d8890-bcf3-49ae-99f9-efa53d256d50_3024x.jpg?v=1692264507,"Rs. 9,999.00"
Reuben - The Backpacker,https://cdn.shopify.com/s/files/1/0731/4312/4251/files/1_3812643b-c820-4093-a298-f219d585b3df_3024x.jpg?v=1692277666,"Rs. 8,499.00"
Kaleido - The mini crossbody bag,https://cdn.shopify.com/s/files/1/0731/4312/4251/files/1_bc432792-1926-4e05-a8fe-821f47c3d3d2_3024x.jpg?v=1692265280,"Rs. 6,999.00"
Erica - The Small Sling Bag,https://cdn.shopify.com/s/files/1/0731/4312/4251/files/1_59a8890c-7f7a-40a5-b9c1-2b84ebc65cbe_3024x.jpg?v=1692431084,"Rs. 4,599.00"
Dario - The Sling Bag,https://cdn.shopify.com/s/files/1/0731/4312/4251/files/1_61eb9866-1492-42e4-8d67-aebfa9e41090_3024x.jpg?v=1692601704,"Rs. 9,499.00"
Hermione - The Wallet,https://cdn.shopify.com/s/files/1/0731/4312/4251/files/1_1d8a798f-fc03-4e30-baaa-57336ff66e58_3024x.jpg?v=1692796463,"Rs. 3,679.00"
Ella - The Wallet,https://cdn.shopify.com/s/files/1/0731/4312/4251/files/2_51c0fd9a-9270-42c9-a7a2-ccf90431923c_3024x.jpg?v=1693027358,"Rs. 2,637.00"
Iris - The Backpack,https://cdn.shopify.com/s/files/1/0731/4312/4251/files/1_29cb7bbc-5b9c-46f5-ae64-c8c272d9c7ec_3024x.jpg?v=1692607137,"Rs. 11,997.00"
Sorrento - The Medium Sling Bag,https://cdn.shopify.com/s/files/1/0731/4312/4251/files/1_de7f6f78-ad26-49c9-ac14-e38fa8aaa576_3024x.jpg?v=1692267630,"Rs. 7,998.00"
Kim - The Sling,https://cdn.shopify.com/s/files/1/0731/4312/4251/files/2_fdc6e468-2beb-4451-b97b-295cd5a47009_3024x.jpg?v=1692365831,"Rs. 4,798.00"
Fika - The Sling Bag,https://cdn.shopify.com/s/files/1/0731/4312/4251/files/1_723a3cc4-d720-4301-9182-f65f449fd62e_3024x.jpg?v=1692601615,"Rs. 4,498.00"
Ozzy - The Wallet,https://cdn.shopify.com/s/files/1/0731/4312/4251/files/1_4b1c811d-10a0-4c8f-90ef-8b3b11cbe513_3024x.jpg?v=1692783497,"Rs. 3,597.00"
Kaleido - The Hobo Bag,https://cdn.shopify.com/s/files/1/0731/4312/4251/files/1_bc7aa171-7161-49dc-8741-bfc1e26e5de2_3024x.jpg?v=1691739141,"Rs. 7,998.00"
Willa - The Belt,https://cdn.shopify.com/s/files/1/0731/4312/4251/files/1_f882706e-4f77-43b1-81c5-712fcd76738c_3024x.jpg?v=1691564963,"Rs. 1,499.00"
Clarissa - The Sling,https://cdn.shopify.com/s/files/1/0731/4312/4251/files/1_5b0a0b48-d1c8-487b-b246-474ceac27018_3024x.jpg?v=1692277449,"Rs. 2,998.00"
Brielle - The Handbag,https://cdn.shopify.com/s/files/1/0731/4312/4251/files/1_c3813dbe-a47a-4b3d-936d-3bd76797ba64_3024x.jpg?v=1691738121,"Rs. 5,398.00"
Rachel - The Handbag,https://cdn.shopify.com/s/files/1/0731/4312/4251/files/2_0dad9d18-1fd3-4e07-85f1-e14d339eeee9_3024x.jpg?v=1692259547,"Rs. 4,798.00"
Iris - The Shoulder Bag,https://cdn.shopify.com/s/files/1/0731/4312/4251/files/1_3de24fa3-a6f7-4a6c-a7d5-5a69e9c58310_3024x.png?v=1692606584,"Rs. 7,998.00"
Herringbone - The Shoulder Bag,https://cdn.shopify.com/s/files/1/0731/4312/4251/files/1_6ecdc8a8-7b33-4314-8180-5aaa5478583c_3024x.jpg?v=1692349515,"Rs. 4,999.00"
Astratto - The Shoulder Bag,https://cdn.shopify.com/s/files/1/0731/4312/4251/files/1_c1a61ae7-4a41-4291-93a9-239c5aaf99b9_3024x.jpg?v=1692344400,"Rs. 5,999.00"
Haura - The Sling Bag,https://cdn.shopify.com/s/files/1/0731/4312/4251/files/2_26a0553a-fc1c-4d32-8e84-4b692894c08a_3024x.jpg?v=1692345975,"Rs. 5,997.00"
Cleopatra - The Wallet,https://cdn.shopify.com/s/files/1/0731/4312/4251/files/1_11b77b4f-11f3-429d-b3d4-cbb3f37680d6_3024x.jpg?v=1692792998,"Rs. 2,239.00"
Anne - The Belt,https://cdn.shopify.com/s/files/1/0731/4312/4251/files/2_20f4e51c-71f2-4c00-a99f-47dc49050a3f_3024x.jpg?v=1692310386,"Rs. 1,279.00"
Roadster - The Backpack,https://cdn.shopify.com/s/files/1/0731/4312/4251/files/1_71af0593-5997-4839-b7a7-c9f0be9f7e3e_3024x.jpg?v=1692348396,"Rs. 12,999.00"
Eleni - The Belt,https://cdn.shopify.com/s/files/1/0731/4312/4251/files/1_dc0b6c0c-60b3-409b-aaa8-012ef1b70bde_3024x.jpg?v=1691563875,Rs. 838.00
Fika - The Hand Bag,https://cdn.shopify.com/s/files/1/0731/4312/4251/files/1_03cde887-836e-4813-9ff0-6ccc023a4444_3024x.jpg?v=1692434150,"Rs. 7,999.00"
Cooper - The Handbag,https://cdn.shopify.com/s/files/1/0731/4312/4251/files/1_e9e0db9c-dcc4-40da-9074-10ee092f47db_3024x.jpg?v=1691737357,"Rs. 7,799.00"
Rover - The mini crossbody bag,https://cdn.shopify.com/s/files/1/0731/4312/4251/files/1_58a8385f-745b-4a9f-aeda-2cd5fa3a20c7_3024x.jpg?v=1691738956,"Rs. 4,199.00"
Juliet - The Portfolio,https://cdn.shopify.com/s/files/1/0731/4312/4251/files/1_19ff76ec-2bfd-447a-91e0-4ea3f6eb3fb6_3024x.jpg?v=1692257206,"Rs. 8,999.00"
Barbara - The Wallet,https://cdn.shopify.com/s/files/1/0731/4312/4251/files/1_5d021de0-4a71-4ae2-ac88-9ace4e1a81bc_3024x.jpg?v=1693044157,"Rs. 2,239.00"
Mya - The Belt,https://cdn.shopify.com/s/files/1/0731/4312/4251/files/1_6ac597f4-2410-4c92-b5c1-d101fffdf5f6_3024x.jpg?v=1691563991,"Rs. 1,139.00"
Katie - The Belt,https://cdn.shopify.com/s/files/1/0731/4312/4251/files/1_11e1c910-8e7a-4783-809e-07a827e187c5_3024x.jpg?v=1691564487,Rs. 838.00
Herringbone - The Handbag,https://cdn.shopify.com/s/files/1/0731/4312/4251/files/1_9ad91fa5-751c-4a85-a5c9-4bf87d012dad_3024x.jpg?v=1692348934,"Rs. 8,299.00"
Athenian - The Sling,https://cdn.shopify.com/s/files/1/0731/4312/4251/files/2_4781f765-8877-4b45-a7b1-0c0b25a81b1c_3024x.jpg?v=1692254064,"Rs. 9,999.00"
Fika - The Shoulder Bag,https://cdn.shopify.com/s/files/1/0731/4312/4251/files/1_c3f42fcd-afcf-4637-a905-19fa2fb64fc7_3024x.jpg?v=1692430133,"Rs. 7,798.00"
Fika - The Handbag,https://cdn.shopify.com/s/files/1/0731/4312/4251/files/1_ea0ff771-892b-4352-9bfa-3b21c03a33b0_3024x.jpg?v=1692601501,"Rs. 6,799.00"
Aimee - The Shoulder Bag,https://cdn.shopify.com/s/files/1/0731/4312/4251/files/1_062a1e02-b785-49d3-9f71-1cd809abb8fe_3024x.jpg?v=1692617240,"Rs. 5,999.00"
Leah - The Wallet,https://cdn.shopify.com/s/files/1/0731/4312/4251/files/1_4abc44de-ecd9-4c9a-9db6-c635ee2f33fe_3024x.jpg?v=1693044252,"Rs. 2,199.00"
Josephine - The Portfolio Bag,https://cdn.shopify.com/s/files/1/0731/4312/4251/files/1_85a8f767-6123-4afa-a697-ae00e5775f44_3024x.jpg?v=1692262734,"Rs. 9,898.00"
Olga - The Handbag,https://cdn.shopify.com/s/files/1/0731/4312/4251/files/1_c1549d9c-5386-482d-9b9c-c73ca21378bd_3024x.jpg?v=1692365772,"Rs. 6,499.00"
Iris - The Handbag,https://cdn.shopify.com/s/files/1/0731/4312/4251/files/1_2015b5ab-4f33-42a4-8884-10c8f27b584c_3024x.jpg?v=1692609207,"Rs. 7,999.00"
Onda - The Crossbody,https://cdn.shopify.com/s/files/1/0731/4312/4251/files/1_972fe131-5cb1-4d1a-b66a-d9db9e2ca557_3024x.jpg?v=1692344669,"Rs. 3,598.00"
Ternet - The Laptop Bag,https://cdn.shopify.com/s/files/1/0731/4312/4251/files/1_a6eb6898-e29d-4f01-b135-70476e332e42_3024x.jpg?v=1691739034,"Rs. 7,799.00"
Zinnia - The Hobo Bag,https://cdn.shopify.com/s/files/1/0731/4312/4251/files/1_bff3247d-1976-438b-8b2e-7b0166c82d44_3024x.jpg?v=1691739591,"Rs. 6,999.00"
Zinnia - The Shoulder Bag,https://cdn.shopify.com/s/files/1/0731/4312/4251/files/1_6751fd00-08b8-46ab-99c1-31b16435b6f0_3024x.jpg?v=1692264676,"Rs. 9,099.00"
Zinnia - The Handbag,https://cdn.shopify.com/s/files/1/0731/4312/4251/files/1_b7c072ee-b320-441b-88ad-d701a0cf549d_3024x.jpg?v=1692264767,"Rs. 8,397.00"
Helena - The Sling Bag,https://cdn.shopify.com/s/files/1/0731/4312/4251/files/1_3271d20d-e335-46ca-8102-632574e4300b_3024x.jpg?v=1692623626,"Rs. 9,099.00"
Helena - The Medium Sling Bag,https://cdn.shopify.com/s/files/1/0731/4312/4251/files/1_2dc9d4b6-543f-4e89-8b63-c6ed97d0fe60_3024x.jpg?v=1692624128,"Rs. 7,698.00"
Helena - The Ladies Wallet,https://cdn.shopify.com/s/files/1/0731/4312/4251/files/1_84a60177-30bf-42e6-a62f-c41277d517cd_3024x.jpg?v=1692784229,"Rs. 3,998.00"
Helena - The Wallet,https://cdn.shopify.com/s/files/1/0731/4312/4251/files/1_a2798fda-b875-49f9-8ee3-7aa3ec7fb2ca_3024x.jpg?v=1692784293,"Rs. 4,798.00"
Erica - The Hobo Bag,https://cdn.shopify.com/s/files/1/0731/4312/4251/files/1_2889522d-bb7d-4689-81a1-2e9f35764e5c_3024x.jpg?v=1691998351,"Rs. 12,999.00"
Erica - The Belt,https://cdn.shopify.com/s/files/1/0731/4312/4251/files/0W8A6861_3024x.jpg?v=1692712269,"Rs. 1,679.00"
Erica - The Sling Bag,https://cdn.shopify.com/s/files/1/0731/4312/4251/files/1_4189aad5-be52-4782-bdda-cfd6ab21d695_3024x.jpg?v=1692270227,"Rs. 7,998.00"
Erica - The Wallet,https://cdn.shopify.com/s/files/1/0731/4312/4251/files/1_b5b29606-784c-40bf-bfb4-3aa26872d219_3024x.jpg?v=1692689559,"Rs. 4,599.00"
Garrison - The Portfolio,https://cdn.shopify.com/s/files/1/0731/4312/4251/files/1_e4316b49-3129-4682-b19b-305ec6a6610d_3024x.jpg?v=1690607892,"Rs. 17,099.00"
Carmel - The Handbag,https://cdn.shopify.com/s/files/1/0731/4312/4251/files/1_fa0d26cb-f90f-46cd-927e-34284df4ea9b_3024x.jpg?v=1690610627,"Rs. 15,999.00"
Carmel - The Sling Bag,https://cdn.shopify.com/s/files/1/0731/4312/4251/files/1_3ead9ec1-5ff7-4313-b74f-a37a7395afa8_3024x.jpg?v=1690610740,"Rs. 8,997.00"
Carmel - The Women's Wallet,https://cdn.shopify.com/s/files/1/0731/4312/4251/files/1_5a047030-d7fd-434c-81b3-72efac17321c_3024x.jpg?v=1692688244,"Rs. 5,998.00"
Elio - The Classic Laptop Bag,https://cdn.shopify.com/s/files/1/0731/4312/4251/files/B-10799-COGNAC_1_3024x.jpg?v=1693827893,"Rs. 10,399.00"
Elio - The Portfolio,https://cdn.shopify.com/s/files/1/0731/4312/4251/files/1_125cfb75-9b18-4c36-9afa-97142ef59393_3024x.jpg?v=1692265683,"Rs. 11,997.00"
Sonnet - The Handbag,https://cdn.shopify.com/s/files/1/0731/4312/4251/files/1_fa397d0d-f403-4757-b57b-400d3bfe1adc_3024x.jpg?v=1692704988,"Rs. 10,497.00"
Sonnet - The Shoulder Bag,https://cdn.shopify.com/s/files/1/0731/4312/4251/files/1_3e16cdfb-0d0a-4325-a4cc-c4b0acda1062_3024x.jpg?v=1692710699,"Rs. 10,497.00"
Bella - The Handbag,https://cdn.shopify.com/s/files/1/0731/4312/4251/files/1_9fce1944-4e89-483e-8b91-b07bf3cfaf03_3024x.jpg?v=1692698444,"Rs. 11,199.00"
Bella - The Medium Handbag,https://cdn.shopify.com/s/files/1/0731/4312/4251/files/1_c0685e0a-8d54-4bc0-9515-c881d4a34929_3024x.jpg?v=1692699088,"Rs. 10,497.00"
Sicily - The Sling Bag,https://cdn.shopify.com/s/files/1/0731/4312/4251/files/1_50fc0ec1-c8fe-4882-9a44-0cda2983ca46_3024x.jpg?v=1692620772,"Rs. 9,798.00"
Sicily - The Handbag,https://cdn.shopify.com/s/files/1/0731/4312/4251/files/1_932826e7-6d18-4bc9-b67f-0a9336f67e6b_3024x.jpg?v=1692618192,"Rs. 12,597.00"
Fiore - The Shoulder Bag,https://cdn.shopify.com/s/files/1/0731/4312/4251/files/1_bb0bc284-3376-45fd-927b-457fb38d13df_3024x.jpg?v=1691837421,"Rs. 16,998.00"
Fiore - The Handbag,https://cdn.shopify.com/s/files/1/0731/4312/4251/files/1_a9c0fc20-b3b2-4f16-a7de-e1760afa11e0_3024x.jpg?v=1691836615,"Rs. 14,997.00"
Fiore - The Small Handbag,https://cdn.shopify.com/s/files/1/0731/4312/4251/files/1_c7735402-7adb-4067-bd04-66891df78047_3024x.jpg?v=1691837135,"Rs. 12,999.00"
Fiore - The Sling Bag,https://cdn.shopify.com/s/files/1/0731/4312/4251/files/1_fcea89af-adae-4452-b2f7-e4f24cb73f8c_3024x.jpg?v=1691997683,"Rs. 9,999.00"
Levi - The Sling bag,https://cdn.shopify.com/s/files/1/0731/4312/4251/files/1_173a0381-0113-465d-9713-e27ca4503cbf_3024x.jpg?v=1690613347,"Rs. 10,998.00"
Levi - The Small Sling bag,https://cdn.shopify.com/s/files/1/0731/4312/4251/files/1_99018ed1-2f7b-45a6-bd7d-514a4d5b6ffe_3024x.jpg?v=1690613515,"Rs. 7,998.00"
Levi - The Backpack,https://cdn.shopify.com/s/files/1/0731/4312/4251/files/1_90323f84-a17f-4732-8c8f-a1a94aeccdbb_3024x.jpg?v=1690613652,"Rs. 8,997.00"
Levi - The handbag,https://cdn.shopify.com/s/files/1/0731/4312/4251/files/1_1de12eb8-a603-4720-aad0-50a0120569af_3024x.jpg?v=1690613750,"Rs. 17,997.00"
Sorrento - The Sling Bag,https://cdn.shopify.com/s/files/1/0731/4312/4251/files/1_8def7006-a324-4615-813c-dc42cb4a0999_3024x.jpg?v=1692266326,"Rs. 7,998.00"
Sorrento - The Round Sling Bag,https://cdn.shopify.com/s/files/1/0731/4312/4251/files/1_9f53440c-8e2c-4733-b879-c09f7251ddde_3024x.jpg?v=1692268486,"Rs. 7,998.00"
Sorrento - The Shopper Bag,https://cdn.shopify.com/s/files/1/0731/4312/4251/files/1_a1467876-273b-4f45-851f-a682f0b29811_3024x.jpg?v=1692266899,"Rs. 15,999.00"
Mirage - The Shopper Bag,https://cdn.shopify.com/s/files/1/0731/4312/4251/files/1_3d7170af-ec8c-48fb-a485-b16f904c2cdc_3024x.jpg?v=1690616886,"Rs. 13,998.00"
Mirage - The Sling Bag,https://cdn.shopify.com/s/files/1/0731/4312/4251/files/1_f4d479d6-0e3f-4b67-a654-2406185ef0cf_3024x.jpg?v=1690616972,"Rs. 12,999.00"
Mirage - The Small Sling Bag,https://cdn.shopify.com/s/files/1/0731/4312/4251/files/1_879978ea-cfcf-4148-8e10-e0dee56b5e55_3024x.jpg?v=1690617073,"Rs. 7,998.00"
Mirage - The Wallet,https://cdn.shopify.com/s/files/1/0731/4312/4251/files/1_8cdefe73-b5e8-468b-b44b-e2cb3229ede4_3024x.jpg?v=1693381343,"Rs. 3,999.00"
Boho - The Handbag,https://cdn.shopify.com/s/files/1/0731/4312/4251/files/1_edd90154-8c75-4f3d-b369-470290c22fd6_3024x.jpg?v=1690610398,"Rs. 24,999.00"
Boho - The Shoulder Handbag,https://cdn.shopify.com/s/files/1/0731/4312/4251/files/1_9c67f32d-993a-4c7a-80e9-acef6416405a_3024x.jpg?v=1690610454,"Rs. 24,999.00"
Boho - The Backpack,https://cdn.shopify.com/s/files/1/0731/4312/4251/files/1_0e114188-211a-4e79-9497-8626a420aaf3_3024x.jpg?v=1690610510,"Rs. 24,999.00"
Lineage - The Backpack,https://cdn.shopify.com/s/files/1/0731/4312/4251/files/1_a833f969-3d82-4830-b04e-0ca3883cdfb8_3024x.jpg?v=1691739549,"Rs. 13,998.00"
Greta - The Shoulder Bag,https://cdn.shopify.com/s/files/1/0731/4312/4251/files/1_ef4f7939-2557-49b2-b403-5576d598ad79_3024x.jpg?v=1691828300,"Rs. 8,398.00"
Greta - The Hobo Bag,https://cdn.shopify.com/s/files/1/0731/4312/4251/files/1_026592a9-1c70-4eb1-8152-19f7ffc19448_3024x.jpg?v=1691830288,"Rs. 5,398.00"
Sierra - The Wallet,https://cdn.shopify.com/s/files/1/0731/4312/4251/files/1_66d0904b-771b-46c0-b05e-2e546d5c4a10_3024x.jpg?v=1692784361,"Rs. 4,798.00"
Sierra - The Shoulder Bag,https://cdn.shopify.com/s/files/1/0731/4312/4251/files/2_f81ebf50-d817-414a-a2f6-d02366963fc7_3024x.jpg?v=1692695552,"Rs. 9,798.00"
Sierra - The Sling Bag,https://cdn.shopify.com/s/files/1/0731/4312/4251/files/1_1d2b62c2-2d13-469f-8475-790143cec452_3024x.jpg?v=1692696103,"Rs. 9,999.00"
Sierra - The Backpack,https://cdn.shopify.com/s/files/1/0731/4312/4251/files/1_908d0a06-9303-4b46-b28f-6f469590fc6c_3024x.jpg?v=1692696487,"Rs. 15,999.00"
Scarlet - The Handbag,https://cdn.shopify.com/s/files/1/0731/4312/4251/files/1_25d5d723-2e1d-4b88-abc3-5ccb76b8db1f_3024x.jpg?v=1692702420,"Rs. 11,199.00"
Scarlet - The Wallet,https://cdn.shopify.com/s/files/1/0731/4312/4251/files/1_b014bdca-77f3-4340-add7-6eae1914f471_3024x.jpg?v=1692442564,"Rs. 5,998.00"
Blossom - The Sling Bag,https://cdn.shopify.com/s/files/1/0731/4312/4251/files/1_db4f37e1-9e14-48b7-81dc-45092da6e380_3024x.jpg?v=1692264935,"Rs. 8,997.00"
Blossom - The Crossbody,https://cdn.shopify.com/s/files/1/0731/4312/4251/files/2_7041f890-33dd-47ed-8ba8-e22f60b6001e_3024x.jpg?v=1692275648,"Rs. 8,997.00"
Blossom - The Handbag,https://cdn.shopify.com/s/files/1/0731/4312/4251/files/1_25305597-ba8d-4009-bf5b-702244ae637e_3024x.jpg?v=1692276479,"Rs. 16,998.00"
Blossom - The Shoulder Bag,https://cdn.shopify.com/s/files/1/0731/4312/4251/files/1_1dc50134-7ab5-4c32-856b-d48509607f70_3024x.jpg?v=1692264877,"Rs. 12,999.00"
Ivy - The Handbag,https://cdn.shopify.com/s/files/1/0731/4312/4251/files/1_af8ef67f-109e-4dda-abcc-4a52bbb6f3f9_3024x.jpg?v=1690610910,"Rs. 17,997.00"
Ivy - The Small Slingbag,https://cdn.shopify.com/s/files/1/0731/4312/4251/files/1_a3707671-500d-4964-b480-8193a5021368_3024x.jpg?v=1690611148,"Rs. 12,999.00"
Ivy - The Shoulder Bag,https://cdn.shopify.com/s/files/1/0731/4312/4251/files/1_d4a2bd88-be06-4b67-a0b1-4dd5d3ec9f22_3024x.jpg?v=1690610988,"Rs. 15,999.00"
Ivy - The Slingbag,https://cdn.shopify.com/s/files/1/0731/4312/4251/files/1_1e38592a-5904-4e08-820f-c08305c277cc_3024x.jpg?v=1690611280,"Rs. 13,998.00"
Ivy - The Belt,https://cdn.shopify.com/s/files/1/0731/4312/4251/files/K-0173-DARK-BROWN-1_3024x.jpg?v=1693381597,"Rs. 1,519.00"
Leana - The Shopper Bag,https://cdn.shopify.com/s/files/1/0731/4312/4251/files/1_34c5db9a-f126-42af-82a0-fb69f746cf43_3024x.jpg?v=1692271223,"Rs. 14,997.00"
Leana - The Crossbody Bag,https://cdn.shopify.com/s/files/1/0731/4312/4251/files/1_473fa824-75be-4ccd-ada0-785b352c1152_3024x.jpg?v=1692271641,"Rs. 9,999.00"
Leana - The Backpack,https://cdn.shopify.com/s/files/1/0731/4312/4251/files/1_968a0789-34e5-471b-8520-bd51c12bb6bf_3024x.jpg?v=1692274066,"Rs. 14,997.00"
Leana - The Sling Bag,https://cdn.shopify.com/s/files/1/0731/4312/4251/files/1_09b2599b-4522-4c3e-92a1-44c955349d55_3024x.jpg?v=1692270810,"Rs. 10,998.00"
Knot - The Shoulder Bag,https://cdn.shopify.com/s/files/1/0731/4312/4251/files/1_232b0148-6a9f-4410-b701-b5fd8e459cf5_3024x.jpg?v=1691831815,"Rs. 13,998.00"
Knot - The Small Sling Bag,https://cdn.shopify.com/s/files/1/0731/4312/4251/files/1_cae063ab-2adf-4ca3-a44e-9f2d6e2f3016_3024x.jpg?v=1690611585,"Rs. 6,999.00"
Knot - The Backpack,https://cdn.shopify.com/s/files/1/0731/4312/4251/files/1_7ed078c4-6edb-4271-b1ac-0d3314285f9f_3024x.jpg?v=1690611695,"Rs. 12,999.00"
Knot - The Sling Bag,https://cdn.shopify.com/s/files/1/0731/4312/4251/files/1_e497b64c-4e60-4c63-b942-d679f0685f7f_3024x.jpg?v=1690611792,"Rs. 14,997.00"
Knot - The Wallet,https://cdn.shopify.com/s/files/1/0731/4312/4251/files/1_bfe24728-bb62-40b1-8a11-090c965784e6_3024x.jpg?v=1693378062,"Rs. 4,599.00"
Leo - The Backpack,https://cdn.shopify.com/s/files/1/0731/4312/4251/files/1_aeb21f26-a78c-4433-8c6e-7719f4c35683_3024x.jpg?v=1690612099,"Rs. 11,997.00"
Leo - The Laptop Bag,https://cdn.shopify.com/s/files/1/0731/4312/4251/files/1_6579ef5f-2e3f-4a00-b56d-2ee435bd6170_3024x.jpg?v=1690612235,"Rs. 11,198.00"
Leo - The Portfolio,https://cdn.shopify.com/s/files/1/0731/4312/4251/files/1_f378521f-2a87-4a78-90e6-65298e76d3b7_3024x.jpg?v=1690612805,"Rs. 14,399.00"
Marquis - The Handbag,https://cdn.shopify.com/s/files/1/0731/4312/4251/files/1_060bd770-d93e-4179-a6bd-ef7b8a695e88_3024x.jpg?v=1690616087,"Rs. 13,998.00"
Marquis -The Sling,https://cdn.shopify.com/s/files/1/0731/4312/4251/files/1_d43186e2-e39f-4706-9c96-ecb23f515d32_3024x.jpg?v=1690616389,"Rs. 6,999.00"
Marquis - The Women's Wallet,https://cdn.shopify.com/s/files/1/0731/4312/4251/files/1_a7f3f850-7f17-41ee-8c9d-caa794e0a604_3024x.jpg?v=1692688960,"Rs. 3,699.00"
Marina - The Handbag,https://cdn.shopify.com/s/files/1/0731/4312/4251/files/1_1a05f5ed-b056-44b3-8802-4373c46f85c5_3024x.jpg?v=1685475535,"Rs. 12,999.00"
Marina - The Slingbag,https://cdn.shopify.com/s/files/1/0731/4312/4251/files/1_70bf0631-79db-4b0a-b32e-c9cc9268968e_3024x.jpg?v=1686039594,"Rs. 6,999.00"
Marina - The Women's Wallet,https://cdn.shopify.com/s/files/1/0731/4312/4251/files/1_b8490a13-3d04-4e16-ac8c-f13a98444fa5_3024x.jpg?v=1693633949,"Rs. 4,599.00"
Asta - The Handbag,R0lGODlhAQABAAAAACH5BAEKAAEALAAAAAABAAEAAAICTAEAOw==,"Rs. 11,997.00"
Abeba - The Handbag,R0lGODlhAQABAAAAACH5BAEKAAEALAAAAAABAAEAAAICTAEAOw==,"Rs. 12,999.00"
Maverick - The Backpacker,R0lGODlhAQABAAAAACH5BAEKAAEALAAAAAABAAEAAAICTAEAOw==,"Rs. 18,999.00"
Maverick - The Backpack,R0lGODlhAQABAAAAACH5BAEKAAEALAAAAAABAAEAAAICTAEAOw==,"Rs. 15,999.00"
Maverick - The Laptop Bag,R0lGODlhAQABAAAAACH5BAEKAAEALAAAAAABAAEAAAICTAEAOw==,"Rs. 14,997.00"
Maverick - The Portfolio,R0lGODlhAQABAAAAACH5BAEKAAEALAAAAAABAAEAAAICTAEAOw==,"Rs. 15,999.00"
